code,name,sector,price,market_cap,pe_ratio,pb_ratio,psr,dividend_yield,ev_ebitda,ev_ebit,profit_margin,ebit_margin,current_ratio,debt_to_equity,roe,roic,revenue_growth_5y
MMM,"3M","Industrial Conglomerates",169.30,87311810560,30.07,29.58,3.47,1.89,13.46,15.88,11.53,14.99,1.35,0.85,15.00,11.25,7.5
AOS,"A. O. Smith","Building Products",58.16,7904442880,16.20,4.29,2.08,2.53,10.09,11.91,12.82,16.67,1.35,0.85,26.49,19.87,7.5
ABT,"Abbott Laboratories","Health Care Equipment",103.69,179423461376,33.56,3.51,3.85,2.45,15.36,18.12,11.48,14.92,1.35,0.85,10.46,7.85,7.5
ABBV,"AbbVie","Biotechnology",265.21,468657176576,74.92,-78.96,7.28,2.62,15.23,17.97,9.72,12.64,1.35,0.85,15.00,11.25,7.5
ACN,"Accenture","IT Consulting & Other Services",183.72,112426000384,14.66,3.52,1.54,3.50,8.69,10.25,10.49,13.64,1.35,0.85,24.04,18.03,7.5
ADBE,"Adobe Inc.","Application Software",238.25,94704377856,13.30,8.00,3.65,0.00,9.71,11.46,27.43,35.66,1.35,0.85,60.17,45.13,7.5
AMD,"Advanced Micro Devices","Semiconductors",623.77,1018288996352,158.32,15.14,24.65,0.00,12.00,14.16,15.57,20.24,1.35,0.85,9.57,7.18,7.5
AES,"AES Corporation","Independent Power Producers & Energy Traders",14.82,10573160448,5.55,2.14,0.81,4.75,2.60,3.07,14.59,18.97,1.35,0.85,38.53,28.90,7.5
AFL,"Aflac","Life & Health Insurance",114.60,57453940736,12.36,1.90,3.18,2.12,9.47,11.17,25.72,33.44,1.35,0.85,15.36,11.52,7.5
A,"Agilent Technologies","Life Sciences Tools & Services",167.26,47161602048,32.99,6.41,6.40,0.63,22.67,26.75,19.39,25.21,1.35,0.85,19.42,14.57,7.5
APD,"Air Products","Industrial Gases",287.86,64102256640,20.00,4.62,5.09,2.59,13.78,16.26,25.43,33.06,1.35,0.85,23.09,17.32,7.5
ABNB,"Airbnb","Hotels  Resorts & Cruise Lines",161.81,96889503744,36.86,12.24,7.36,0.00,35.09,41.41,19.98,25.97,1.35,0.85,33.21,24.91,7.5
AKAM,"Akamai Technologies","Internet Services & Infrastructure",118.34,17007422464,42.88,3.58,3.93,0.00,15.75,18.58,9.18,11.93,1.35,0.85,8.35,6.26,7.5
ALB,"Albemarle Corporation","Specialty Chemicals",116.80,13782990848,432.59,1.71,2.33,1.45,9.30,10.97,0.54,0.70,1.35,0.85,0.40,0.30,7.5
ARE,"Alexandria Real Estate Equities","Office REITs",53.85,9267331072,20.00,0.59,3.26,5.40,5.20,6.14,16.31,21.20,1.35,0.85,2.96,2.22,7.5
ALGN,"Align Technology","Health Care Supplies",153.29,10889699328,26.61,2.58,2.63,0.00,11.76,13.88,9.88,12.84,1.35,0.85,9.70,7.27,7.5
ALLE,"Allegion","Building Products",153.95,13091412992,20.23,6.18,3.05,1.45,12.48,14.73,15.09,19.62,1.35,0.85,30.55,22.91,7.5
LNT,"Alliant Energy","Electric Utilities",64.62,16754977792,20.45,2.23,3.78,3.29,9.16,10.81,18.50,24.05,1.35,0.85,10.88,8.16,7.5
ALL,"Allstate","Property & Casualty Insurance",229.50,58030899200,4.60,1.84,0.83,1.78,3.39,4.00,18.00,23.40,1.35,0.85,40.01,30.01,7.5
GOOGL,"Alphabet Inc. (Class A)","Interactive Media & Services",351.16,4294663995392,17.64,6.90,9.63,0.25,24.80,29.26,54.61,70.99,1.35,0.85,39.12,29.34,7.5
GOOG,"Alphabet Inc. (Class C)","Interactive Media & Services",347.41,4248801902592,17.43,6.83,9.53,0.25,24.54,28.96,54.67,71.07,1.35,0.85,39.16,29.37,7.5
MO,"Altria","Tobacco",68.64,114611216384,14.45,-42.95,5.61,6.48,7.27,8.58,38.80,50.44,1.35,0.85,15.00,11.25,7.5
AMZN,"Amazon","Broadline Retail",254.98,2750293999616,20.51,4.98,3.55,0.00,16.28,19.21,17.28,22.46,1.35,0.85,24.30,18.23,7.5
AMCR,"Amcor","Paper & Plastic Packaging Products & Materials",43.24,19991828480,18.17,1.69,0.85,6.17,5.65,6.67,4.68,6.08,1.35,0.85,9.33,7.00,7.5
AMTM,"Amentum","Diversified Support Services",19.70,4816776704,23.73,1.03,0.34,0.00,4.79,5.65,1.44,1.87,1.35,0.85,4.32,3.24,7.5
AEE,"Ameren","Multi-Utilities",101.66,28143886336,17.90,2.06,3.35,2.95,7.20,8.50,18.70,24.31,1.35,0.85,11.49,8.62,7.5
AEP,"American Electric Power","Electric Utilities",120.27,65474670592,20.84,2.04,2.87,3.17,7.25,8.55,13.78,17.91,1.35,0.85,9.79,7.34,7.5
AXP,"American Express","Consumer Finance",305.07,206016774144,18.50,6.01,2.91,1.21,12.50,14.75,15.70,20.41,1.35,0.85,32.47,24.35,7.5
AIG,"American International Group","Multi-line Insurance",75.18,39311110144,13.72,0.97,1.47,2.68,4.83,5.70,10.72,13.94,1.35,0.85,7.08,5.31,7.5
AMT,"American Tower","Telecom Tower REITs",175.25,81659502592,24.14,21.95,7.46,4.10,11.59,13.68,30.92,40.20,1.35,0.85,15.00,11.25,7.5
AWK,"American Water Works","Water Utilities",133.82,26593914880,23.19,2.28,5.03,2.67,9.13,10.77,21.70,28.21,1.35,0.85,9.83,7.37,7.5
AMP,"Ameriprise Financial","Asset Management & Custody Banks",512.37,45259288576,12.37,7.12,2.28,1.27,12.50,14.75,18.44,23.97,1.35,0.85,57.53,43.15,7.5
AME,"Ametek","Electrical Components & Equipment",245.41,56263004160,35.83,5.00,7.15,0.56,22.50,26.55,19.97,25.96,1.35,0.85,13.95,10.46,7.5
AMGN,"Amgen","Biotechnology",410.24,221788864512,25.45,18.98,5.82,2.56,12.84,15.15,22.88,29.74,1.35,0.85,74.56,55.92,7.5
APH,"Amphenol","Electronic Components",82.84,204280692736,41.42,13.18,7.04,0.62,21.59,25.48,17.00,22.10,1.35,0.85,31.83,23.87,7.5
ADI,"Analog Devices","Semiconductors",390.37,189159817216,46.31,5.64,13.63,1.15,27.32,32.24,29.43,38.26,1.35,0.85,12.18,9.13,7.5
ANSS,"Ansys","Application Software",50.00,7500000000,20.00,3.00,2.50,0.00,12.50,14.75,12.50,16.25,1.35,0.85,15.00,11.25,7.5
AON,"Aon","Insurance Brokers",286.10,60689088512,15.76,6.32,3.45,1.13,10.29,12.14,21.90,28.47,1.35,0.85,40.09,30.07,7.5
APA,"APA Corporation","Oil & Gas Exploration & Production",42.30,14819868672,8.92,2.11,1.73,2.28,2.59,3.06,19.37,25.18,1.35,0.85,23.67,17.75,7.5
AAPL,"Apple Inc.","Technology Hardware  Storage & Peripherals",339.75,4958372495360,39.01,46.16,10.62,0.32,29.52,34.83,27.23,35.40,1.35,0.85,15.00,11.25,7.5
AMAT,"Applied Materials","Semiconductor Materials & Equipment",472.46,374943055872,40.69,14.63,12.16,0.46,36.92,43.57,29.88,38.84,1.35,0.85,35.95,26.96,7.5
APTV,"Aptiv","Automotive Parts & Equipment",44.61,9262523392,20.19,1.06,0.45,0.00,2.86,3.37,2.24,2.91,1.35,0.85,5.26,3.94,7.5
ACGL,"Arch Capital Group","Property & Casualty Insurance",94.95,32399704064,7.43,1.39,1.68,0.00,5.82,6.87,22.68,29.48,1.35,0.85,18.71,14.03,7.5
ADM,"Archer Daniels Midland","Agricultural Products & Services",82.34,39684550656,22.50,1.68,0.48,2.49,13.25,15.63,2.15,2.79,1.35,0.85,7.48,5.61,7.5
ANET,"Arista Networks","Communications Equipment",205.19,258790703104,64.93,17.49,24.55,0.00,55.78,65.82,37.81,49.15,1.35,0.85,26.93,20.20,7.5
AJG,"Arthur J. Gallagher & Co.","Insurance Brokers",230.45,59073781760,38.22,2.49,3.91,1.18,13.78,16.26,10.23,13.30,1.35,0.85,6.52,4.89,7.5
AIZ,"Assurant","Multi-line Insurance",271.08,13370686464,12.98,2.20,0.99,1.27,7.70,9.09,7.66,9.96,1.35,0.85,16.92,12.69,7.5
T,"AT&T","Integrated Telecommunication Services",25.10,171994890240,8.28,1.56,1.35,4.36,3.83,4.52,16.32,21.22,1.35,0.85,18.87,14.15,7.5
ATO,"Atmos Energy","Gas Utilities",157.34,26588659712,18.75,1.74,5.40,2.53,10.13,11.95,28.81,37.45,1.35,0.85,9.29,6.97,7.5
ADSK,"Autodesk","Application Software",219.62,45900578816,28.41,13.57,5.89,0.00,20.08,23.69,20.74,26.96,1.35,0.85,47.75,35.81,7.5
ADP,"Automatic Data Processing","Human Resource & Employment Services",269.64,107117936640,24.67,17.79,4.88,2.52,16.71,19.72,19.78,25.71,1.35,0.85,72.09,54.07,7.5
AZO,"AutoZone","Automotive Retail",2894.73,46816468992,19.90,-17.02,2.34,0.00,10.98,12.96,11.77,15.30,1.35,0.85,15.00,11.25,7.5
AVB,"AvalonBay Communities","Multi-Family Residential REITs",184.06,26283393024,25.25,2.17,8.52,0.04,14.15,16.70,33.76,43.89,1.35,0.85,8.59,6.44,7.5
AVY,"Avery Dennison","Paper & Plastic Packaging Products & Materials",172.09,13042381824,18.83,5.62,1.41,2.36,8.72,10.29,7.49,9.74,1.35,0.85,29.87,22.40,7.5
AXON,"Axon Enterprise","Aerospace & Defense",459.32,37313970176,191.38,10.15,11.59,0.00,12.00,14.16,6.06,7.88,1.35,0.85,5.31,3.98,7.5
BKR,"Baker Hughes","Oil & Gas Equipment & Services",57.26,56840515584,18.41,2.85,2.05,1.59,11.75,13.86,11.14,14.48,1.35,0.85,15.50,11.63,7.5
BALL,"Ball Corporation","Metal  Glass & Plastic Containers",59.97,15874260992,17.18,2.76,1.11,1.34,7.65,9.03,6.45,8.38,1.35,0.85,16.07,12.05,7.5
BAC,"Bank of America","Diversified Banks",56.20,392992489472,12.98,1.43,3.45,2.21,12.50,14.75,26.58,34.55,1.35,0.85,11.01,8.26,7.5
BAX,"Baxter International","Health Care Equipment",23.68,12242465792,20.00,1.97,1.07,0.17,6.50,7.67,5.34,6.94,1.35,0.85,9.86,7.39,7.5
BDX,"Becton Dickinson","Health Care Equipment",183.00,49846788096,31.66,2.04,2.22,2.32,8.14,9.61,7.00,9.10,1.35,0.85,6.45,4.84,7.5
BRK.B,"Berkshire Hathaway","Multi-Sector Holdings",50.00,7500000000,20.00,3.00,2.50,0.00,12.50,14.75,12.50,16.25,1.35,0.85,15.00,11.25,7.5
BBY,"Best Buy","Computer & Electronics Retail",94.82,19886381056,15.78,6.27,0.47,4.12,7.60,8.97,2.99,3.89,1.35,0.85,39.73,29.80,7.5
TECH,"Bio-Techne","Life Sciences Tools & Services",72.55,11377164288,62.54,5.37,9.36,0.44,34.05,40.18,14.97,19.46,1.35,0.85,8.59,6.44,7.5
BIIB,"Biogen","Biotechnology",225.36,33297842176,40.03,1.77,3.32,0.00,9.91,11.69,8.30,10.79,1.35,0.85,4.41,3.31,7.5
BLK,"BlackRock","Asset Management & Custody Banks",1066.66,173306855424,25.54,2.87,6.35,2.10,15.59,18.40,24.85,32.30,1.35,0.85,11.23,8.42,7.5
BX,"Blackstone Inc.","Asset Management & Custody Banks",124.01,148228882432,27.74,11.00,9.57,4.14,12.50,14.75,34.51,44.86,1.35,0.85,39.67,29.75,7.5
BK,"BNY Mellon","Asset Management & Custody Banks",50.00,7500000000,20.00,3.00,2.50,0.00,12.50,14.75,12.50,16.25,1.35,0.85,15.00,11.25,7.5
BA,"Boeing","Aerospace & Defense",197.72,156271968256,71.12,25.62,1.66,0.00,12.00,14.16,2.34,3.04,1.35,0.85,36.03,27.02,7.5
BKNG,"Booking Holdings","Hotels  Resorts & Cruise Lines",164.22,123391705088,18.25,-11.54,4.37,1.00,11.85,13.98,23.95,31.14,1.35,0.85,15.00,11.25,7.5
BWA,"BorgWarner","Automotive Parts & Equipment",61.11,12446051328,30.10,2.21,0.87,1.07,6.11,7.21,2.88,3.74,1.35,0.85,7.36,5.52,7.5
BSX,"Boston Scientific","Health Care Equipment",44.92,65099390976,18.19,2.61,3.10,0.00,11.40,13.45,17.05,22.17,1.35,0.85,14.33,10.75,7.5
BMY,"Bristol Myers Squibb","Pharmaceuticals",62.25,127158984704,13.71,5.70,2.59,4.02,6.72,7.93,18.85,24.51,1.35,0.85,41.56,31.17,7.5
AVGO,"Broadcom","Semiconductors",364.54,1740179111936,46.56,17.46,19.53,0.72,33.30,39.29,41.95,54.54,1.35,0.85,37.50,28.13,7.5
BR,"Broadridge Financial Solutions","Data Processing & Outsourced Services",163.02,18587834368,16.98,6.54,2.49,2.65,10.28,12.13,14.64,19.03,1.35,0.85,38.53,28.90,7.5
BRO,"Brown & Brown","Insurance Brokers",62.44,20893071360,19.95,1.64,3.14,1.03,7.22,8.52,15.72,20.44,1.35,0.85,8.21,6.16,7.5
BF.B,"Brown–Forman","Distillers & Vintners",50.00,7500000000,20.00,3.00,2.50,0.00,12.50,14.75,12.50,16.25,1.35,0.85,15.00,11.25,7.5
BLDR,"Builders FirstSource","Building Products",60.87,6549395968,66.16,1.64,0.45,0.00,6.41,7.56,0.69,0.90,1.35,0.85,2.47,1.85,7.5
BG,"Bunge Global","Agricultural Products & Services",110.00,21133103104,23.71,1.32,0.23,2.56,6.76,7.98,0.97,1.26,1.35,0.85,5.59,4.19,7.5
BXP,"BXP  Inc.","Office REITs",64.31,11632226304,34.58,1.99,3.65,4.37,7.19,8.48,10.55,13.72,1.35,0.85,5.76,4.32,7.5
CHRW,"C.H. Robinson","Air Freight & Logistics",149.56,17476274176,28.54,10.76,1.03,1.65,18.74,22.11,3.60,4.68,1.35,0.85,37.70,28.28,7.5
CDNS,"Cadence Design Systems","Application Software",302.95,83430309888,60.11,12.17,14.29,0.00,38.70,45.67,23.78,30.91,1.35,0.85,20.24,15.18,7.5
CZR,"Caesars Entertainment","Casinos & Gaming",29.62,6035885568,20.00,1.79,0.52,0.00,1.74,2.05,2.59,3.37,1.35,0.85,8.95,6.71,7.5
CPT,"Camden Property Trust","Multi-Family Residential REITs",99.31,11493401600,32.78,2.68,7.27,4.29,12.86,15.17,22.17,28.82,1.35,0.85,8.17,6.13,7.5
CPB,"Campbell Soup Company","Packaged Foods & Meats",20.21,6026747904,15.43,1.56,0.62,5.02,3.71,4.38,4.01,5.21,1.35,0.85,10.14,7.61,7.5
COF,"Capital One","Consumer Finance",200.55,123034394624,11.04,1.19,2.56,1.56,12.50,14.75,23.16,30.11,1.35,0.85,10.82,8.12,7.5
CAH,"Cardinal Health","Health Care Distributors",222.04,51415433216,30.75,-17.95,0.20,0.91,12.11,14.29,0.66,0.86,1.35,0.85,15.00,11.25,7.5
KMX,"CarMax","Automotive Retail",56.84,8066227200,35.30,1.32,0.29,0.00,7.82,9.23,0.81,1.05,1.35,0.85,3.73,2.80,7.5
CCL,"Carnival","Hotels  Resorts & Cruise Lines",22.28,30515783680,10.04,2.36,1.12,2.02,4.18,4.93,11.13,14.47,1.35,0.85,23.49,17.62,7.5
CARR,"Carrier Global","Building Products",55.26,45552201728,39.47,3.47,2.06,1.76,14.73,17.38,5.22,6.79,1.35,0.85,8.79,6.59,7.5
CTLT,"Catalent","Pharmaceuticals",50.00,7500000000,20.00,3.00,2.50,0.00,12.50,14.75,12.50,16.25,1.35,0.85,15.00,11.25,7.5
CAT,"Caterpillar Inc.","Construction Machinery & Heavy Transportation Equipment",808.01,371421904896,34.84,19.15,4.97,0.80,22.86,26.97,14.26,18.54,1.35,0.85,54.96,41.22,7.5
CBOE,"Cboe Global Markets","Financial Exchanges & Data",266.83,27865327616,20.78,4.96,5.51,1.27,14.43,17.03,26.49,34.44,1.35,0.85,23.86,17.89,7.5
CBRE,"CBRE Group","Real Estate Services",141.05,40844595200,32.28,4.87,0.93,0.00,18.45,21.77,2.90,3.77,1.35,0.85,15.08,11.31,7.5
CDW,"CDW","Technology Distributors",147.43,18431318016,17.72,7.56,0.78,1.72,9.17,10.82,4.43,5.76,1.35,0.85,42.69,32.02,7.5
CE,"Celanese","Specialty Chemicals",47.44,5206489088,20.00,1.25,0.54,0.27,3.10,3.66,2.68,3.48,1.35,0.85,6.25,4.69,7.5
COR,"Cencora","Health Care Distributors",314.43,60001783808,23.33,19.67,0.18,0.76,10.82,12.77,0.77,1.00,1.35,0.85,15.00,11.25,7.5
CNC,"Centene Corporation","Managed Health Care",63.30,31269883904,20.00,1.39,0.17,0.00,6.79,8.01,0.87,1.13,1.35,0.85,6.93,5.20,7.5
CNP,"CenterPoint Energy","Multi-Utilities",37.85,24932560896,22.53,2.13,2.59,2.53,6.47,7.63,11.50,14.95,1.35,0.85,9.44,7.08,7.5
CF,"CF Industries","Fertilizers & Agricultural Chemicals",120.59,18249865216,8.94,3.18,2.36,1.95,4.71,5.56,26.38,34.29,1.35,0.85,35.58,26.68,7.5
CRL,"Charles River Laboratories","Life Sciences Tools & Services",285.11,13733100544,20.00,4.79,3.43,0.00,16.17,19.08,17.17,22.32,1.35,0.85,23.96,17.97,7.5
SCHW,"Charles Schwab Corporation","Investment Banking & Brokerage",100.35,173538836480,18.28,3.95,6.67,1.20,12.50,14.75,36.48,47.42,1.35,0.85,21.59,16.19,7.5
CHTR,"Charter Communications","Cable & Satellite",117.26,15238828032,3.05,0.83,0.28,0.00,0.70,0.83,9.18,11.93,1.35,0.85,27.05,20.29,7.5
CVX,"Chevron Corporation","Integrated Oil & Gas",202.41,397048152064,19.48,2.09,1.90,3.50,7.84,9.25,9.73,12.65,1.35,0.85,10.73,8.05,7.5
CMG,"Chipotle Mexican Grill","Restaurants",32.63,41290588160,30.21,18.81,3.32,0.00,18.15,21.42,11.00,14.30,1.35,0.85,62.25,46.69,7.5
CB,"Chubb Limited","Property & Casualty Insurance",335.77,129540022272,11.89,1.72,2.09,1.21,8.70,10.27,17.60,22.88,1.35,0.85,14.44,10.83,7.5
CHD,"Church & Dwight","Household Products",96.12,22800039936,30.81,5.24,3.66,1.29,16.83,19.86,11.88,15.44,1.35,0.85,17.02,12.77,7.5
CI,"Cigna","Health Care Services",273.74,72333189120,11.32,1.69,0.26,2.27,5.67,6.69,2.26,2.94,1.35,0.85,14.96,11.22,7.5
CINF,"Cincinnati Financial","Property & Casualty Insurance",165.83,25451264000,7.83,1.53,1.82,2.25,5.83,6.88,23.30,30.29,1.35,0.85,19.49,14.62,7.5
CTAS,"Cintas","Diversified Support Services",198.80,79553708032,40.57,15.48,7.06,1.06,26.56,31.34,17.41,22.63,1.35,0.85,38.15,28.61,7.5
CSCO,"Cisco","Communications Equipment",106.44,419648962560,31.96,8.35,6.63,1.51,22.51,26.56,20.73,26.95,1.35,0.85,26.13,19.60,7.5
C,"Citigroup","Diversified Banks",132.47,222210048000,14.27,1.15,2.72,1.98,12.50,14.75,19.05,24.77,1.35,0.85,8.09,6.07,7.5
CFG,"Citizens Financial Group","Regional Banks",65.49,27582867456,14.27,1.15,3.38,2.73,12.50,14.75,23.69,30.80,1.35,0.85,8.06,6.04,7.5
CLX,"Clorox","Household Products",87.15,10539137024,18.12,117.14,1.57,5.89,9.24,10.90,8.66,11.26,1.35,0.85,15.00,11.25,7.5
CME,"CME Group","Financial Exchanges & Data",267.21,96083173376,22.66,3.62,14.22,1.89,20.14,23.77,12.50,16.25,1.35,0.85,15.97,11.98,7.5
CMS,"CMS Energy","Multi-Utilities",64.27,20153602048,19.30,2.11,2.29,3.52,6.68,7.88,11.85,15.40,1.35,0.85,10.93,8.20,7.5
KO,"Coca-Cola Company (The)","Soft Drinks & Non-alcoholic Beverages",88.61,381248864256,26.61,10.55,7.61,2.43,22.43,26.47,28.58,37.15,1.35,0.85,39.64,29.73,7.5
CTSH,"Cognizant","IT Consulting & Other Services",58.68,26432067584,12.59,1.83,1.22,2.22,6.55,7.73,9.70,12.61,1.35,0.85,14.56,10.92,7.5
CL,"Colgate-Palmolive","Household Products",87.05,69393891328,34.27,294.09,3.30,2.46,13.93,16.44,9.62,12.51,1.35,0.85,15.00,11.25,7.5
CMCSA,"Comcast","Cable & Satellite",22.42,79560433664,7.19,0.89,0.64,5.76,2.33,2.75,8.86,11.52,1.35,0.85,12.33,9.25,7.5
CAG,"Conagra Brands","Packaged Foods & Meats",14.78,7073200128,20.00,1.11,0.63,8.24,4.06,4.79,3.13,4.07,1.35,0.85,5.56,4.17,7.5
COP,"ConocoPhillips","Oil & Gas Exploration & Production",125.27,150491545600,16.57,2.30,2.33,2.63,5.62,6.63,14.09,18.32,1.35,0.85,13.90,10.43,7.5
ED,"Consolidated Edison","Multi-Utilities",103.84,38403006464,17.08,1.49,2.17,3.38,6.23,7.35,12.71,16.52,1.35,0.85,8.75,6.56,7.5
STZ,"Constellation Brands","Distillers & Vintners",117.59,20084883456,11.20,2.44,2.22,3.48,5.81,6.86,19.80,25.74,1.35,0.85,21.81,16.36,7.5
CEG,"Constellation Energy","Electric Utilities",263.46,93345824768,25.78,2.93,2.99,0.65,11.74,13.85,11.58,15.05,1.35,0.85,11.36,8.52,7.5
COO,"Cooper Companies (The)","Health Care Supplies",55.29,10513686528,19.00,1.26,2.48,0.00,11.28,13.31,13.06,16.98,1.35,0.85,6.64,4.98,7.5
CPRT,"Copart","Diversified Support Services",28.80,26658740224,18.58,2.93,5.71,0.00,14.17,16.72,30.75,39.98,1.35,0.85,15.80,11.85,7.5
GLW,"Corning Inc.","Electronic Components",159.69,137555116032,73.93,11.52,8.11,0.70,33.67,39.73,10.97,14.26,1.35,0.85,15.58,11.69,7.5
CPAY,"Corpay","Transaction & Payment Processing Services",392.95,25800941568,23.90,7.28,5.14,0.00,9.22,10.88,21.50,27.95,1.35,0.85,30.47,22.85,7.5
CTVA,"Corteva","Fertilizers & Agricultural Chemicals",80.34,53602525184,48.69,2.13,3.01,0.91,12.54,14.80,6.18,8.03,1.35,0.85,4.37,3.28,7.5
CSGP,"CoStar Group","Real Estate Services",28.77,11657535488,159.83,1.47,3.28,0.00,29.59,34.92,2.05,2.67,1.35,0.85,0.92,0.69,7.5
COST,"Costco","Consumer Staples Merchandise Retail",899.41,398869266432,45.29,11.90,1.36,0.65,28.92,34.13,3.00,3.90,1.35,0.85,26.29,19.72,7.5
CTRA,"Coterra","Oil & Gas Exploration & Production",50.00,7500000000,20.00,3.00,2.50,0.00,12.50,14.75,12.50,16.25,1.35,0.85,15.00,11.25,7.5
CRWD,"CrowdStrike","Systems Software",250.06,256045137920,5001.20,50.18,47.45,0.00,12.00,14.16,0.95,1.23,1.35,0.85,1.00,0.75,7.5
CCI,"Crown Castle","Telecom Tower REITs",72.37,31625691136,29.54,-9.43,7.60,5.80,11.76,13.88,25.73,33.45,1.35,0.85,15.00,11.25,7.5
CSX,"CSX Corporation","Rail Transportation",46.59,86306807808,27.09,6.13,5.95,1.22,12.63,14.90,21.96,28.55,1.35,0.85,22.63,16.97,7.5
CMI,"Cummins","Construction Machinery & Heavy Transportation Equipment",526.13,72429412352,26.88,5.64,2.09,1.65,14.43,17.03,7.76,10.09,1.35,0.85,20.97,15.73,7.5
CVS,"CVS Health","Health Care Services",87.10,111398313984,22.98,1.40,0.27,3.04,6.68,7.88,1.17,1.52,1.35,0.85,6.08,4.56,7.5
DHI,"D. R. Horton","Homebuilding",144.11,40307752960,13.74,1.70,1.21,1.29,9.77,11.53,8.80,11.44,1.35,0.85,12.36,9.27,7.5
DHR,"Danaher Corporation","Life Sciences Tools & Services",221.09,155423178752,39.41,2.96,6.19,0.74,19.36,22.84,15.71,20.42,1.35,0.85,7.50,5.63,7.5
DRI,"Darden Restaurants","Restaurants",213.54,24245706752,20.45,11.04,1.84,3.07,11.46,13.52,8.97,11.66,1.35,0.85,53.95,40.46,7.5
DVA,"DaVita","Health Care Services",183.72,11721335808,15.57,-15.36,0.84,0.00,4.15,4.90,5.37,6.98,1.35,0.85,15.00,11.25,7.5
DAY,"Dayforce","Human Resource & Employment Services",50.00,7500000000,20.00,3.00,2.50,0.00,12.50,14.75,12.50,16.25,1.35,0.85,15.00,11.25,7.5
DECK,"Deckers Brands","Footwear",79.83,10871397376,11.36,4.74,1.97,0.00,8.19,9.66,17.32,22.52,1.35,0.85,41.76,31.32,7.5
DE,"Deere & Company","Agricultural & Farm Machinery",703.12,189579018240,39.04,6.77,3.96,0.95,22.04,26.01,10.13,13.17,1.35,0.85,17.35,13.01,7.5
DELL,"Dell Technologies","Technology Hardware  Storage & Peripherals",548.92,349010329600,31.91,-246.15,2.31,0.44,19.69,23.23,7.23,9.40,1.35,0.85,15.00,11.25,7.5
DAL,"Delta Air Lines","Passenger Airlines",83.92,55187726336,13.92,2.52,0.81,1.04,7.35,8.67,5.81,7.55,1.35,0.85,18.08,13.56,7.5
DVN,"Devon Energy","Oil & Gas Exploration & Production",46.93,51623002112,10.20,1.29,2.75,2.69,5.78,6.82,26.94,35.02,1.35,0.85,12.67,9.50,7.5
DXCM,"Dexcom","Health Care Equipment",89.53,33785108480,35.39,12.89,6.80,0.00,24.08,28.41,19.21,24.97,1.35,0.85,36.42,27.32,7.5
FANG,"Diamondback Energy","Oil & Gas Exploration & Production",184.50,51663646720,35.21,1.37,3.18,2.32,4.39,5.18,9.03,11.74,1.35,0.85,3.88,2.91,7.5
DLR,"Digital Realty","Data Center REITs",185.65,70113263616,90.56,2.57,10.38,2.62,21.84,25.77,11.46,14.90,1.35,0.85,2.84,2.13,7.5
DFS,"Discover Financial","Consumer Finance",50.00,7500000000,20.00,3.00,2.50,0.00,12.50,14.75,12.50,16.25,1.35,0.85,15.00,11.25,7.5
DG,"Dollar General","Consumer Staples Merchandise Retail",122.63,27054235648,15.93,2.91,0.62,1.94,7.55,8.91,3.89,5.06,1.35,0.85,18.29,13.72,7.5
DLTR,"Dollar Tree","Consumer Staples Merchandise Retail",115.04,21584990208,14.10,6.30,1.08,0.00,8.62,10.17,7.63,9.92,1.35,0.85,44.71,33.53,7.5
D,"Dominion Energy","Multi-Utilities",62.43,54908805120,21.60,1.97,3.03,4.25,6.58,7.76,14.03,18.24,1.35,0.85,9.11,6.83,7.5
DPZ,"Domino's","Restaurants",297.12,9829080064,16.84,-2.47,1.95,2.69,9.60,11.33,11.61,15.09,1.35,0.85,15.00,11.25,7.5
DOV,"Dover Corporation","Industrial Machinery & Supplies & Components",186.54,25123248128,22.58,3.26,2.98,1.13,13.16,15.53,13.21,17.17,1.35,0.85,14.44,10.83,7.5
DOW,"Dow Inc.","Commodity Chemicals",28.20,20370010112,20.00,1.28,0.49,4.95,5.14,6.07,2.46,3.20,1.35,0.85,6.42,4.81,7.5
DTE,"DTE Energy","Multi-Utilities",125.41,26096324608,19.84,2.15,1.58,3.69,7.21,8.51,7.99,10.39,1.35,0.85,10.82,8.12,7.5
DUK,"Duke Energy","Electric Utilities",116.31,90687160320,17.52,1.69,2.76,3.72,5.46,6.44,15.78,20.51,1.35,0.85,9.63,7.22,7.5
DD,"DuPont","Specialty Chemicals",131.80,17798664192,56.32,1.29,2.55,1.85,11.24,13.26,4.52,5.88,1.35,0.85,2.29,1.72,7.5
EMN,"Eastman Chemical Company","Specialty Chemicals",67.07,7667886592,17.47,1.26,0.86,5.16,5.50,6.49,4.95,6.44,1.35,0.85,7.20,5.40,7.5
ETN,"Eaton Corporation","Electrical Components & Equipment",442.49,171863113728,44.97,8.49,5.72,1.01,25.89,30.55,12.73,16.55,1.35,0.85,18.87,14.15,7.5
EBAY,"eBay","Broadline Retail",109.28,48629600256,22.91,10.42,4.05,1.14,15.71,18.54,17.68,22.98,1.35,0.85,45.50,34.13,7.5
ECL,"Ecolab","Specialty Chemicals",276.22,77432365056,37.08,7.70,4.60,1.08,18.72,22.09,12.40,16.12,1.35,0.85,20.77,15.58,7.5
EIX,"Edison International","Electric Utilities",55.05,21184010240,5.68,1.21,1.09,6.39,2.37,2.80,19.20,24.96,1.35,0.85,21.37,16.03,7.5
EW,"Edwards Lifesciences","Health Care Equipment",88.78,51172790272,52.85,4.82,7.86,0.00,25.63,30.24,14.87,19.33,1.35,0.85,9.12,6.84,7.5
EA,"Electronic Arts","Interactive Home Entertainment",209.70,52925640704,59.74,7.77,6.75,0.00,30.66,36.18,11.29,14.68,1.35,0.85,13.01,9.76,7.5
ELV,"Elevance Health","Managed Health Care",402.43,87274708992,17.81,1.94,0.43,1.68,10.48,12.37,2.44,3.17,1.35,0.85,10.91,8.18,7.5
EMR,"Emerson Electric","Electrical Components & Equipment",154.19,86007185408,33.74,4.22,4.62,1.46,14.20,16.76,13.68,17.78,1.35,0.85,12.51,9.38,7.5
ENPH,"Enphase Energy","Semiconductor Materials & Equipment",34.42,4548418560,34.08,3.85,3.42,0.00,23.72,27.99,10.05,13.07,1.35,0.85,11.29,8.47,7.5
ETR,"Entergy","Electric Utilities",101.16,48331972608,25.87,2.59,3.58,2.52,8.73,10.30,13.86,18.02,1.35,0.85,10.01,7.51,7.5
EOG,"EOG Resources","Oil & Gas Exploration & Production",139.52,73182314496,10.86,2.30,2.74,2.89,5.05,5.96,25.22,32.79,1.35,0.85,21.19,15.89,7.5
EPAM,"EPAM Systems","IT Consulting & Other Services",111.54,5754011648,15.15,1.64,1.02,0.00,7.64,9.02,6.76,8.79,1.35,0.85,10.79,8.09,7.5
EQT,"EQT Corporation","Oil & Gas Exploration & Production",50.81,31782469632,11.79,1.26,3.42,1.32,4.54,5.36,29.01,37.71,1.35,0.85,10.67,8.00,7.5
EFX,"Equifax","Research & Consulting Services",159.78,18771736576,28.08,4.29,2.91,1.41,9.76,11.52,10.37,13.48,1.35,0.85,15.28,11.46,7.5
EQIX,"Equinix","Data Center REITs",1059.26,104518975488,68.16,7.27,10.55,1.95,23.02,27.16,15.48,20.12,1.35,0.85,10.66,8.00,7.5
EQR,"Equity Residential","Multi-Family Residential REITs",63.66,24611481600,28.68,2.27,7.87,0.04,13.02,15.36,27.43,35.66,1.35,0.85,7.93,5.95,7.5
ERIE,"Erie Indemnity","Insurance Brokers",234.38,12255699968,21.27,4.97,2.98,2.48,14.68,17.32,13.99,18.19,1.35,0.85,23.36,17.52,7.5
ESS,"Essex Property Trust","Multi-Family Residential REITs",274.76,18940000256,42.73,3.32,9.56,3.82,15.39,18.16,22.38,29.09,1.35,0.85,7.76,5.82,7.5
EL,"Estée Lauder Companies (The)","Personal Care Products",100.29,36284776448,200.58,9.53,2.41,1.45,14.78,17.44,1.20,1.56,1.35,0.85,4.75,3.56,7.5
EG,"Everest Group","Reinsurance",370.96,14223621120,7.84,0.93,0.85,2.17,12.50,14.75,10.78,14.01,1.35,0.85,11.87,8.90,7.5
EVRG,"Evergy","Electric Utilities",79.27,18277058560,20.17,1.79,3.00,3.51,6.43,7.59,14.87,19.33,1.35,0.85,8.86,6.64,7.5
ES,"Eversource Energy","Electric Utilities",66.38,25003669504,17.24,1.53,1.79,4.71,5.07,5.98,10.36,13.47,1.35,0.85,8.87,6.65,7.5
EXC,"Exelon","Electric Utilities",41.80,43064614912,15.37,1.45,1.70,4.00,5.15,6.08,11.06,14.38,1.35,0.85,9.45,7.09,7.5
EXPE,"Expedia Group","Hotels  Resorts & Cruise Lines",280.70,33690200064,17.65,27.86,2.15,0.68,11.66,13.76,12.16,15.81,1.35,0.85,15.00,11.25,7.5
EXPD,"Expeditors International","Air Freight & Logistics",187.51,24374540288,27.25,11.51,2.03,0.84,19.29,22.76,7.43,9.66,1.35,0.85,42.22,31.66,7.5
EXR,"Extra Space Storage","Self-Storage REITs",134.99,29792636928,29.73,2.15,8.49,4.71,12.89,15.21,28.54,37.10,1.35,0.85,7.23,5.42,7.5
XOM,"ExxonMobil","Integrated Oil & Gas",158.71,652601589760,20.43,2.52,1.81,2.60,9.61,11.34,8.85,11.51,1.35,0.85,12.32,9.24,7.5
FFIV,"F5  Inc.","Communications Equipment",453.33,25670801408,36.09,6.68,7.76,0.00,27.80,32.80,21.49,27.94,1.35,0.85,18.51,13.88,7.5
FDS,"FactSet","Financial Exchanges & Data",276.42,9831027712,18.22,4.87,4.03,1.63,10.54,12.44,22.13,28.77,1.35,0.85,26.71,20.03,7.5
FICO,"Fair Isaac","Application Software",914.48,19750604800,26.45,-4.82,8.25,0.00,15.63,18.44,31.20,40.56,1.35,0.85,15.00,11.25,7.5
FAST,"Fastenal","Trading Companies & Distributors",50.08,57466683392,42.80,14.12,6.57,1.93,29.40,34.69,15.34,19.94,1.35,0.85,32.99,24.74,7.5
FRT,"Federal Realty Investment Trust","Retail REITs",110.46,9656228864,22.32,2.99,7.23,4.19,11.53,13.61,32.40,42.12,1.35,0.85,13.42,10.06,7.5
FDX,"FedEx","Air Freight & Logistics",295.94,70040248320,15.95,2.24,0.74,1.65,5.91,6.97,4.63,6.02,1.35,0.85,14.07,10.55,7.5
FIS,"Fidelity National Information Services","Transaction & Payment Processing Services",34.96,18029078528,5.37,1.12,1.48,5.00,5.12,6.04,27.52,35.78,1.35,0.85,20.95,15.71,7.5
FITB,"Fifth Third Bancorp","Regional Banks",52.76,47847649280,17.76,1.48,4.74,3.15,12.50,14.75,26.68,34.68,1.35,0.85,8.34,6.25,7.5
FSLR,"First Solar","Semiconductors",200.78,21577785344,12.37,2.09,4.01,0.00,9.04,10.67,32.43,42.16,1.35,0.85,16.90,12.67,7.5
FE,"FirstEnergy","Electric Utilities",44.73,25882564608,23.92,2.00,1.66,4.14,4.77,5.63,6.92,9.00,1.35,0.85,8.37,6.28,7.5
FI,"Fiserv","Transaction & Payment Processing Services",50.00,7500000000,20.00,3.00,2.50,0.00,12.50,14.75,12.50,16.25,1.35,0.85,15.00,11.25,7.5
FMC,"FMC Corporation","Fertilizers & Agricultural Chemicals",10.57,1323647616,20.00,0.81,0.41,3.11,4.92,5.81,2.04,2.65,1.35,0.85,4.04,3.03,7.5
F,"Ford Motor Company","Automobile Manufacturers",13.10,52237504512,20.00,1.46,0.28,4.56,6.83,8.06,1.39,1.81,1.35,0.85,7.31,5.48,7.5
FTNT,"Fortinet","Systems Software",174.26,127856943104,61.36,82.43,16.99,0.00,49.26,58.13,27.68,35.98,1.35,0.85,15.00,11.25,7.5
FTV,"Fortive","Industrial Machinery & Supplies & Components",55.95,16897854464,29.60,2.79,3.92,0.51,13.69,16.15,13.23,17.20,1.35,0.85,9.44,7.08,7.5
FOXA,"Fox Corporation (Class A)","Broadcasting",64.25,27092531200,16.73,2.32,1.58,0.89,6.98,8.24,9.45,12.29,1.35,0.85,13.86,10.39,7.5
FOX,"Fox Corporation (Class B)","Broadcasting",57.32,24170332160,14.93,2.07,1.41,1.00,6.23,7.35,9.45,12.29,1.35,0.85,13.86,10.39,7.5
BEN,"Franklin Resources","Asset Management & Custody Banks",33.13,16832587776,22.54,1.43,1.81,3.92,9.36,11.04,8.01,10.41,1.35,0.85,6.36,4.77,7.5
FCX,"Freeport-McMoRan","Copper",74.35,106767900672,36.45,5.31,4.13,0.83,11.18,13.19,11.32,14.72,1.35,0.85,14.57,10.93,7.5
GRMN,"Garmin","Consumer Electronics",284.67,54899335168,29.35,6.08,7.16,1.50,23.75,28.02,24.38,31.69,1.35,0.85,20.72,15.54,7.5
IT,"Gartner","IT Consulting & Other Services",178.75,11287879680,16.06,-68.80,1.75,0.00,8.16,9.63,10.87,14.13,1.35,0.85,15.00,11.25,7.5
GE,"GE Aerospace","Aerospace & Defense",319.22,331210686464,37.60,18.78,6.54,0.59,28.84,34.03,17.40,22.62,1.35,0.85,49.94,37.45,7.5
GEHC,"GE HealthCare","Health Care Equipment",66.27,29933246464,15.27,2.73,1.41,0.22,8.33,9.83,9.22,11.99,1.35,0.85,17.86,13.39,7.5
GEV,"GE Vernova","Heavy Electrical Equipment",950.28,253091479552,27.21,21.17,6.12,0.21,64.45,76.05,22.48,29.22,1.35,0.85,77.78,58.34,7.5
GEN,"Gen Digital","Systems Software",27.29,16335439872,15.96,6.15,3.22,1.71,6.78,8.00,20.15,26.20,1.35,0.85,38.57,28.93,7.5
GNRC,"Generac","Electrical Components & Equipment",206.17,12177211392,47.40,4.23,2.74,0.00,19.14,22.59,5.79,7.53,1.35,0.85,8.92,6.69,7.5
GD,"General Dynamics","Aerospace & Defense",343.39,92906635264,20.95,3.46,1.69,1.80,14.01,16.53,8.08,10.50,1.35,0.85,16.51,12.38,7.5
GIS,"General Mills","Packaged Foods & Meats",35.45,18952615936,20.00,2.57,1.03,6.89,5.49,6.48,5.14,6.68,1.35,0.85,12.84,9.63,7.5
GM,"General Motors","Automobile Manufacturers",83.45,75476475904,37.25,1.18,0.41,0.86,4.58,5.40,1.09,1.42,1.35,0.85,3.17,2.38,7.5
GPC,"Genuine Parts Company","Distributors",129.59,17865246720,518.36,3.95,0.71,3.36,8.70,10.27,0.14,0.18,1.35,0.85,0.76,0.57,7.5
GILD,"Gilead Sciences","Biotechnology",152.67,189303963648,20.00,16.02,6.22,2.18,12.97,15.30,31.08,40.40,1.35,0.85,15.00,11.25,7.5
GPN,"Global Payments","Transaction & Payment Processing Services",84.78,22434347008,40.18,0.98,2.20,1.17,5.01,5.91,5.47,7.11,1.35,0.85,2.43,1.82,7.5
GL,"Globe Life","Life & Health Insurance",169.43,13020601344,11.26,2.12,2.10,0.77,7.75,9.14,18.68,24.28,1.35,0.85,18.84,14.13,7.5
GDDY,"GoDaddy","Internet Services & Infrastructure",98.24,12441870336,14.60,1853.58,2.44,0.00,9.02,10.64,16.70,21.71,1.35,0.85,15.00,11.25,7.5
GS,"Goldman Sachs","Investment Banking & Brokerage",949.49,276464336896,14.66,2.62,4.09,2.08,12.50,14.75,27.91,36.28,1.35,0.85,17.89,13.42,7.5
HAL,"Halliburton","Oil & Gas Equipment & Services",32.85,27368331264,17.20,2.49,1.22,2.04,6.61,7.80,7.11,9.24,1.35,0.85,14.47,10.85,7.5
HIG,"Hartford (The)","Property & Casualty Insurance",128.73,34869350400,8.89,1.81,1.19,1.84,6.24,7.36,13.38,17.39,1.35,0.85,20.38,15.29,7.5
HAS,"Hasbro","Leisure Products",86.91,12258174976,15.46,17.41,2.46,3.19,9.43,11.13,15.94,20.72,1.35,0.85,15.00,11.25,7.5
HCA,"HCA Healthcare","Health Care Facilities",438.12,94853636096,14.69,-14.38,1.22,0.73,6.02,7.10,8.28,10.76,1.35,0.85,15.00,11.25,7.5
DOC,"Healthpeak Properties","Health Care REITs",20.60,14604313600,58.86,1.81,4.95,5.89,9.30,10.97,8.41,10.93,1.35,0.85,3.08,2.31,7.5
HSIC,"Henry Schein","Health Care Distributors",87.43,9743771648,25.49,3.10,0.72,0.00,9.02,10.64,2.81,3.65,1.35,0.85,12.16,9.12,7.5
HSY,"Hershey Company (The)","Packaged Foods & Meats",168.46,33847939072,23.01,7.42,2.78,3.46,12.44,14.68,12.09,15.72,1.35,0.85,32.23,24.17,7.5
HES,"Hess Corporation","Integrated Oil & Gas",50.00,7500000000,20.00,3.00,2.50,0.00,12.50,14.75,12.50,16.25,1.35,0.85,15.00,11.25,7.5
HPE,"Hewlett Packard Enterprise","Technology Hardware  Storage & Peripherals",61.03,81015177216,31.46,3.06,1.93,0.92,11.76,13.88,6.15,8.00,1.35,0.85,9.72,7.29,7.5
HLT,"Hilton Worldwide","Hotels  Resorts & Cruise Lines",308.44,69419024384,45.23,-11.04,13.60,0.20,22.48,26.53,30.07,39.09,1.35,0.85,15.00,11.25,7.5
HOLX,"Hologic","Health Care Equipment",50.00,7500000000,20.00,3.00,2.50,0.00,12.50,14.75,12.50,16.25,1.35,0.85,15.00,11.25,7.5
HD,"Home Depot (The)","Home Improvement Retail",305.35,304644521984,21.35,18.34,1.80,3.14,12.36,14.58,8.43,10.96,1.35,0.85,15.00,11.25,7.5
HON,"Honeywell","Industrial Conglomerates",211.85,67143741440,8.14,3.62,1.76,1.36,7.89,9.31,21.67,28.17,1.35,0.85,44.49,33.37,7.5
HRL,"Hormel Foods","Packaged Foods & Meats",20.33,11188631552,32.79,1.43,0.92,5.72,8.85,10.44,2.81,3.65,1.35,0.85,4.35,3.26,7.5
HST,"Host Hotels & Resorts","Hotel & Resort REITs",22.28,15478506496,14.95,2.39,2.48,3.59,9.13,10.77,16.60,21.58,1.35,0.85,15.98,11.98,7.5
HWM,"Howmet Aerospace","Aerospace & Defense",225.36,89873883136,48.57,15.73,9.86,0.25,32.17,37.96,20.30,26.39,1.35,0.85,32.38,24.29,7.5
HPQ,"HP Inc.","Technology Hardware  Storage & Peripherals",32.04,28893384704,12.23,-314.12,0.49,3.64,6.23,7.35,3.99,5.19,1.35,0.85,15.00,11.25,7.5
HUBB,"Hubbell Incorporated","Industrial Machinery & Supplies & Components",458.83,24241168384,27.18,6.20,3.90,1.24,16.00,18.88,14.33,18.63,1.35,0.85,22.80,17.10,7.5
HUM,"Humana","Managed Health Care",372.00,44669874176,35.23,2.32,0.31,0.94,12.42,14.66,0.87,1.13,1.35,0.85,6.60,4.95,7.5
HBAN,"Huntington Bancshares","Regional Banks",15.69,31700307968,12.07,1.07,3.45,3.87,12.50,14.75,28.62,37.21,1.35,0.85,8.83,6.62,7.5
HII,"Huntington Ingalls Industries","Aerospace & Defense",270.95,10676676608,16.14,2.01,0.81,2.00,9.13,10.77,5.02,6.53,1.35,0.85,12.45,9.34,7.5
IBM,"IBM","IT Consulting & Other Services",231.38,217991069696,20.57,6.33,3.15,2.91,13.23,15.61,15.34,19.94,1.35,0.85,30.76,23.07,7.5
IEX,"IDEX Corporation","Industrial Machinery & Supplies & Components",225.69,16637843456,32.52,4.17,4.64,1.31,17.19,20.28,14.27,18.55,1.35,0.85,12.81,9.61,7.5
IDXX,"Idexx Laboratories","Health Care Equipment",521.50,41084354560,36.67,25.51,9.02,0.00,25.33,29.89,24.60,31.98,1.35,0.85,69.55,52.16,7.5
ITW,"Illinois Tool Works","Industrial Machinery & Supplies & Components",270.47,77029859328,24.48,26.62,4.68,2.57,16.03,18.92,19.11,24.84,1.35,0.85,15.00,11.25,7.5
INCY,"Incyte","Biotechnology",126.93,25728423936,16.17,4.02,4.42,0.00,13.25,15.63,27.34,35.54,1.35,0.85,24.87,18.65,7.5
IR,"Ingersoll Rand","Industrial Machinery & Supplies & Components",73.85,28653756416,30.52,2.82,3.61,0.11,14.22,16.78,11.82,15.37,1.35,0.85,9.23,6.92,7.5
PODD,"Insulet Corporation","Health Care Equipment",139.38,9666588672,26.15,6.80,3.17,0.00,15.72,18.55,12.11,15.74,1.35,0.85,25.99,19.49,7.5
INTC,"Intel","Semiconductors",123.86,654736949248,20.00,7.14,11.48,0.00,38.88,45.88,57.40,74.62,1.35,0.85,35.68,26.76,7.5
ICE,"Intercontinental Exchange","Financial Exchanges & Data",152.93,85854052352,21.60,2.90,8.13,1.34,12.79,15.09,37.65,48.95,1.35,0.85,13.44,10.08,7.5
IFF,"International Flavors & Fragrances","Specialty Chemicals",85.79,21889316864,20.00,1.57,2.03,1.91,11.45,13.51,10.15,13.20,1.35,0.85,7.84,5.88,7.5
IP,"International Paper","Paper & Plastic Packaging Products & Materials",35.71,18910941184,20.00,1.31,0.78,5.24,4.81,5.68,3.91,5.08,1.35,0.85,6.54,4.91,7.5
IPG,"Interpublic Group of Companies (The)","Advertising",50.00,7500000000,20.00,3.00,2.50,0.00,12.50,14.75,12.50,16.25,1.35,0.85,15.00,11.25,7.5
INTU,"Intuit","Application Software",292.35,78126448640,17.76,4.13,3.64,1.81,11.41,13.46,20.51,26.66,1.35,0.85,23.26,17.45,7.5
ISRG,"Intuitive Surgical","Health Care Equipment",402.09,144060022784,46.11,7.83,13.06,0.00,34.46,40.66,28.31,36.80,1.35,0.85,16.99,12.74,7.5
IVZ,"Invesco","Asset Management & Custody Banks",30.85,13620268032,20.00,1.37,1.97,2.74,9.43,11.13,9.87,12.83,1.35,0.85,6.84,5.13,7.5
INVH,"Invitation Homes","Single-Family Residential REITs",27.14,16029513728,24.90,1.77,5.63,4.43,10.68,12.60,22.60,29.38,1.35,0.85,7.11,5.33,7.5
IQV,"IQVIA","Life Sciences Tools & Services",270.09,44456812544,33.59,7.20,2.62,0.00,14.59,17.22,7.79,10.13,1.35,0.85,21.45,16.09,7.5
IRM,"Iron Mountain","Other Specialized REITs",118.13,35167633408,83.78,-27.45,4.65,2.96,13.79,16.27,5.55,7.21,1.35,0.85,15.00,11.25,7.5
JBHT,"J.B. Hunt","Cargo Ground Transportation",237.41,22296344576,33.72,6.10,1.76,0.76,13.32,15.72,5.21,6.77,1.35,0.85,18.08,13.56,7.5
SJM,"J.M. Smucker Company (The)","Packaged Foods & Meats",121.11,12937356288,56.33,2.25,1.41,3.74,5.71,6.74,2.51,3.26,1.35,0.85,3.99,2.99,7.5
JBL,"Jabil","Electronic Manufacturing Services",308.98,32377114624,38.67,24.48,0.96,0.11,13.51,15.94,2.49,3.24,1.35,0.85,63.31,47.48,7.5
JKHY,"Jack Henry & Associates","Transaction & Payment Processing Services",149.10,10453790720,21.33,5.09,4.11,1.61,14.89,17.57,19.26,25.04,1.35,0.85,23.87,17.90,7.5
J,"Jacobs Solutions","Construction & Engineering",143.12,16750565376,47.71,5.14,1.18,1.00,15.85,18.70,2.47,3.21,1.35,0.85,10.76,8.07,7.5
JNJ,"Johnson & Johnson","Pharmaceuticals",269.19,648720613376,31.23,7.63,6.62,1.99,18.60,21.95,21.21,27.57,1.35,0.85,24.43,18.32,7.5
JCI,"Johnson Controls","Building Products",146.44,88704778240,41.13,6.58,3.55,1.10,20.51,24.20,8.63,11.22,1.35,0.85,15.99,11.99,7.5
JPM,"JPMorgan Chase","Diversified Banks",340.00,903783317504,14.57,2.56,4.85,1.87,12.50,14.75,33.30,43.29,1.35,0.85,17.55,13.16,7.5
JNPR,"Juniper Networks","Communications Equipment",50.00,7500000000,20.00,3.00,2.50,0.00,12.50,14.75,12.50,16.25,1.35,0.85,15.00,11.25,7.5
K,"Kellanova","Packaged Foods & Meats",50.00,7500000000,20.00,3.00,2.50,0.00,12.50,14.75,12.50,16.25,1.35,0.85,15.00,11.25,7.5
KVUE,"Kenvue","Personal Care Products",17.86,34305015808,21.01,3.25,2.23,4.75,9.85,11.62,10.60,13.78,1.35,0.85,15.47,11.60,7.5
KDP,"Keurig Dr Pepper","Soft Drinks & Non-alcoholic Beverages",31.51,42879627264,31.83,1.71,2.13,3.01,8.92,10.53,6.71,8.72,1.35,0.85,5.38,4.04,7.5
KEY,"KeyCorp","Regional Banks",20.48,21854793728,11.98,1.27,2.96,3.93,12.50,14.75,24.76,32.19,1.35,0.85,10.60,7.95,7.5
KEYS,"Keysight Technologies","Electronic Equipment & Instruments",347.32,59129409536,47.00,9.00,8.98,0.00,34.82,41.09,19.11,24.84,1.35,0.85,19.15,14.36,7.5
KMB,"Kimberly-Clark","Household Products",98.91,32895393792,19.55,18.80,1.98,5.24,9.45,11.15,10.15,13.20,1.35,0.85,15.00,11.25,7.5
KIM,"Kimco Realty","Retail REITs",22.55,15126299648,26.22,1.47,6.92,4.97,11.36,13.40,26.38,34.29,1.35,0.85,5.62,4.21,7.5
KMI,"Kinder Morgan","Oil & Gas Storage & Transportation",31.27,69632106496,20.17,2.20,3.88,3.72,9.12,10.76,19.22,24.99,1.35,0.85,10.90,8.18,7.5
KKR,"KKR","Asset Management & Custody Banks",98.44,90918256640,31.45,3.10,3.52,0.77,12.50,14.75,11.19,14.55,1.35,0.85,9.86,7.39,7.5
KLAC,"KLA Corporation","Semiconductor Materials & Equipment",188.32,246048899072,51.45,38.76,18.12,0.50,40.64,47.96,35.21,45.77,1.35,0.85,75.34,56.51,7.5
KHC,"Kraft Heinz","Packaged Foods & Meats",24.00,28459769856,20.00,0.79,1.14,6.57,5.18,6.11,5.71,7.42,1.35,0.85,3.95,2.96,7.5
KR,"Kroger","Food Retail",58.56,34584875008,31.65,5.97,0.23,2.61,4.30,5.07,0.73,0.95,1.35,0.85,18.86,14.14,7.5
LHX,"L3Harris","Aerospace & Defense",239.89,44671025152,24.23,2.25,1.95,2.02,10.78,12.72,8.04,10.45,1.35,0.85,9.27,6.95,7.5
LH,"LabCorp","Health Care Services",311.54,25265895424,25.75,2.93,1.76,0.90,10.89,12.85,6.84,8.89,1.35,0.85,11.37,8.53,7.5
LRCX,"Lam Research","Semiconductor Materials & Equipment",310.96,389110759424,53.89,31.20,16.75,0.44,45.03,53.14,31.08,40.40,1.35,0.85,57.89,43.42,7.5
LW,"Lamb Weston","Packaged Foods & Meats",46.36,6373719040,22.29,3.49,0.96,3.21,5.77,6.81,4.32,5.62,1.35,0.85,15.67,11.75,7.5
LVS,"Las Vegas Sands","Casinos & Gaming",39.70,25713737728,15.39,44.26,1.87,2.98,5.54,6.54,12.18,15.83,1.35,0.85,15.00,11.25,7.5
LDOS,"Leidos","Diversified Support Services",123.31,15474444288,11.51,2.93,0.88,1.34,6.50,7.67,7.62,9.91,1.35,0.85,25.44,19.08,7.5
LEN,"Lennar","Homebuilding",83.06,20008749056,15.73,0.93,0.63,2.56,10.01,11.81,3.98,5.17,1.35,0.85,5.88,4.41,7.5
LLY,"Lilly (Eli)","Pharmaceuticals",1170.14,1043462291456,39.24,30.79,13.10,0.59,25.02,29.52,33.38,43.39,1.35,0.85,78.47,58.85,7.5
LIN,"Linde plc","Industrial Gases",464.91,214314287104,29.97,5.48,6.05,1.40,15.51,18.30,20.17,26.22,1.35,0.85,18.29,13.72,7.5
LYV,"Live Nation Entertainment","Movies & Entertainment",169.84,39565840384,20.00,475.74,1.51,0.00,25.51,30.10,7.53,9.79,1.35,0.85,15.00,11.25,7.5
LKQ,"LKQ Corporation","Distributors",23.59,5968318976,13.11,0.93,0.44,5.17,4.25,5.01,3.33,4.33,1.35,0.85,7.07,5.30,7.5
LMT,"Lockheed Martin","Aerospace & Defense",522.34,120551243776,19.25,13.70,1.57,2.58,12.45,14.69,8.13,10.57,1.35,0.85,71.19,53.39,7.5
L,"Loews Corporation","Multi-line Insurance",105.91,21650939904,13.00,1.13,1.16,0.23,6.69,7.89,8.91,11.58,1.35,0.85,8.71,6.53,7.5
LOW,"Lowe's","Home Improvement Retail",196.08,110011473920,16.59,-14.79,1.22,2.62,8.64,10.20,7.33,9.53,1.35,0.85,15.00,11.25,7.5
LULU,"Lululemon Athletica","Apparel  Accessories & Luxury Goods",103.73,11483951104,8.54,2.42,1.04,0.00,4.82,5.69,12.12,15.76,1.35,0.85,28.32,21.24,7.5
LYB,"LyondellBasell","Specialty Chemicals",59.24,19136768000,20.00,1.79,0.61,4.58,5.36,6.32,3.07,3.99,1.35,0.85,8.97,6.73,7.5
MTB,"M&T Bank","Regional Banks",223.42,32265480192,11.83,1.27,3.41,2.64,12.50,14.75,28.85,37.51,1.35,0.85,10.73,8.05,7.5
MRO,"Marathon Oil","Oil & Gas Exploration & Production",50.00,7500000000,20.00,3.00,2.50,0.00,12.50,14.75,12.50,16.25,1.35,0.85,15.00,11.25,7.5
MPC,"Marathon Petroleum","Oil & Gas Refining & Marketing",389.68,109431791616,13.51,5.78,0.71,0.99,7.11,8.39,5.26,6.84,1.35,0.85,42.80,32.10,7.5
MKTX,"MarketAxess","Financial Exchanges & Data",163.43,5752277504,19.30,4.64,6.61,1.91,13.22,15.60,34.27,44.55,1.35,0.85,24.06,18.04,7.5
MAR,"Marriott International","Hotels  Resorts & Cruise Lines",348.06,90762313728,36.03,-20.14,12.29,0.85,18.85,22.24,34.11,44.34,1.35,0.85,15.00,11.25,7.5
MMC,"Marsh McLennan","Insurance Brokers",50.00,7500000000,20.00,3.00,2.50,0.00,12.50,14.75,12.50,16.25,1.35,0.85,15.00,11.25,7.5
MLM,"Martin Marietta Materials","Construction Materials",499.34,35462819840,32.45,2.60,5.30,0.67,16.68,19.68,16.34,21.24,1.35,0.85,8.00,6.00,7.5
MAS,"Masco","Building Products",69.96,13795231744,16.12,-37.80,1.81,1.89,9.15,10.80,11.23,14.60,1.35,0.85,15.00,11.25,7.5
MA,"Mastercard","Transaction & Payment Processing Services",555.89,486965182464,30.61,86.91,13.88,0.61,21.93,25.88,45.34,58.94,1.35,0.85,15.00,11.25,7.5
MTCH,"Match Group","Interactive Media & Services",41.71,9729546240,14.79,-40.46,2.77,1.85,8.18,9.65,18.74,24.36,1.35,0.85,15.00,11.25,7.5
MKC,"McCormick & Company","Packaged Foods & Meats",49.42,13286643712,8.22,1.90,1.80,3.93,9.15,10.80,21.88,28.44,1.35,0.85,23.10,17.33,7.5
MCD,"McDonald's","Restaurants",250.35,177158062080,20.32,-173.13,6.40,3.11,11.87,14.01,31.47,40.91,1.35,0.85,15.00,11.25,7.5
MCK,"McKesson Corporation","Health Care Distributors",891.23,103908827136,23.88,-24.38,0.25,0.42,14.70,17.35,1.06,1.38,1.35,0.85,15.00,11.25,7.5
MDT,"Medtronic","Health Care Equipment",90.77,116107345920,22.36,2.31,3.09,3.14,11.16,13.17,13.83,17.98,1.35,0.85,10.35,7.76,7.5
MRK,"Merck & Co.","Pharmaceuticals",150.91,372320862208,119.77,8.88,5.59,2.27,12.90,15.22,4.67,6.07,1.35,0.85,7.42,5.56,7.5
META,"Meta Platforms","Interactive Media & Services",736.60,1876480229376,27.75,7.18,8.22,0.28,17.11,20.19,29.62,38.51,1.35,0.85,25.89,19.42,7.5
MET,"MetLife","Life & Health Insurance",95.92,60954947584,18.38,2.23,0.77,2.45,10.09,11.91,4.18,5.43,1.35,0.85,12.13,9.10,7.5
MTD,"Mettler Toledo","Life Sciences Tools & Services",1490.76,29869703168,33.62,2329.31,7.23,0.00,23.41,27.62,21.49,27.94,1.35,0.85,15.00,11.25,7.5
MGM,"MGM Resorts","Casinos & Gaming",38.90,9952613376,23.58,3.89,0.56,0.00,4.45,5.25,2.38,3.09,1.35,0.85,16.51,12.38,7.5
MCHP,"Microchip Technology","Semiconductors",75.82,41170919424,111.50,6.38,8.04,2.43,27.34,32.26,7.21,9.37,1.35,0.85,5.72,4.29,7.5
MU,"Micron Technology","Semiconductors",1096.16,1237995618304,24.77,12.29,13.71,0.05,18.15,21.42,55.37,71.98,1.35,0.85,49.61,37.21,7.5
MSFT,"Microsoft","Systems Software",498.00,3697921753088,27.73,8.36,11.14,0.78,19.04,22.47,40.19,52.25,1.35,0.85,30.15,22.61,7.5
MAA,"Mid-America Apartment Communities","Multi-Family Residential REITs",119.15,14174535680,34.84,2.54,6.39,5.15,11.45,13.51,18.34,23.84,1.35,0.85,7.30,5.47,7.5
MRNA,"Moderna","Biotechnology",182.56,72884502528,20.00,10.77,32.71,0.00,12.00,14.16,12.50,16.25,1.35,0.85,53.87,40.40,7.5
MHK,"Mohawk Industries","Home Furnishings",121.23,8211895296,16.06,0.86,0.73,0.00,5.46,6.44,4.58,5.95,1.35,0.85,5.35,4.01,7.5
MOH,"Molina Healthcare","Managed Health Care",191.19,9980118016,1194.94,2.38,0.23,0.00,25.59,30.20,0.02,0.03,1.35,0.85,0.20,0.15,7.5
TAP,"Molson Coors Beverage Company","Brewers",36.88,6876421120,20.00,0.68,0.62,5.11,3.04,3.59,3.10,4.03,1.35,0.85,3.41,2.56,7.5
MDLZ,"Mondelez International","Packaged Foods & Meats",61.08,77956898816,22.37,2.94,1.96,3.46,12.82,15.13,8.78,11.41,1.35,0.85,13.12,9.84,7.5
MPWR,"Monolithic Power Systems","Semiconductors",1380.62,67847806976,84.44,17.42,20.73,0.63,67.83,80.04,24.55,31.92,1.35,0.85,20.63,15.47,7.5
MNST,"Monster Beverage","Soft Drinks & Non-alcoholic Beverages",44.27,86727221248,40.99,9.26,9.41,0.00,29.57,34.89,22.95,29.84,1.35,0.85,22.59,16.94,7.5
MCO,"Moody's Corporation","Financial Exchanges & Data",469.25,81265180672,29.79,26.86,9.96,0.88,20.05,23.66,33.43,43.46,1.35,0.85,15.00,11.25,7.5
MS,"Morgan Stanley","Investment Banking & Brokerage",200.18,314395951104,16.16,2.95,4.04,2.23,12.50,14.75,25.00,32.50,1.35,0.85,18.27,13.70,7.5
MOS,"Mosaic Company (The)","Fertilizers & Agricultural Chemicals",24.73,7861559296,20.00,0.69,0.64,3.66,4.57,5.39,3.21,4.17,1.35,0.85,3.43,2.57,7.5
MSI,"Motorola Solutions","Communications Equipment",456.70,75581014016,35.99,28.29,6.18,1.05,20.11,23.73,17.16,22.31,1.35,0.85,78.60,58.95,7.5
MSCI,"MSCI","Financial Exchanges & Data",548.88,39903576064,30.03,-14.84,11.97,1.47,20.34,24.00,39.86,51.82,1.35,0.85,15.00,11.25,7.5
NDAQ,"Nasdaq  Inc.","Financial Exchanges & Data",94.50,52823359488,27.55,4.43,9.41,1.23,15.75,18.58,34.15,44.40,1.35,0.85,16.08,12.06,7.5
NTAP,"NetApp","Technology Hardware  Storage & Peripherals",192.91,37891190784,27.29,25.29,5.13,1.05,18.09,21.35,18.79,24.43,1.35,0.85,15.00,11.25,7.5
NFLX,"Netflix","Movies & Entertainment",72.16,300469911552,22.69,9.97,6.21,0.00,20.40,24.07,27.37,35.58,1.35,0.85,43.92,32.94,7.5
NEM,"Newmont","Gold",127.26,134092881920,16.07,3.82,5.20,0.85,7.86,9.27,32.39,42.11,1.35,0.85,23.80,17.85,7.5
NWSA,"News Corp (Class A)","Publishing",29.25,15674740736,28.40,1.86,1.74,0.67,11.72,13.83,6.11,7.94,1.35,0.85,6.57,4.93,7.5
NWS,"News Corp (Class B)","Publishing",32.38,17352073216,31.44,2.06,1.92,0.61,12.97,15.30,6.11,7.94,1.35,0.85,6.57,4.93,7.5
NEE,"NextEra Energy","Multi-Utilities",79.26,165334646784,17.81,2.89,5.76,3.13,11.33,13.37,32.34,42.04,1.35,0.85,16.25,12.19,7.5
NKE,"Nike  Inc.","Apparel  Accessories & Luxury Goods",36.10,53554302976,17.19,3.60,1.15,4.54,10.87,12.83,6.71,8.72,1.35,0.85,20.95,15.71,7.5
NI,"NiSource","Multi-Utilities",39.88,19124856832,21.21,2.00,2.78,2.96,6.32,7.46,13.10,17.03,1.35,0.85,9.42,7.06,7.5
NDSN,"Nordson Corporation","Industrial Machinery & Supplies & Components",319.67,17805418496,32.39,5.45,5.98,1.20,18.59,21.94,18.45,23.98,1.35,0.85,16.82,12.62,7.5
NSC,"Norfolk Southern Railway","Rail Transportation",314.00,70527025152,26.81,4.34,5.62,1.75,12.45,14.69,20.97,27.26,1.35,0.85,16.18,12.13,7.5
NTRS,"Northern Trust","Asset Management & Custody Banks",173.40,31724509184,14.90,2.53,3.49,1.83,12.50,14.75,23.44,30.47,1.35,0.85,17.01,12.76,7.5
NOC,"Northrop Grumman","Aerospace & Defense",509.86,72432254976,16.22,4.05,1.69,1.88,9.98,11.78,10.41,13.53,1.35,0.85,24.97,18.73,7.5
NCLH,"Norwegian Cruise Line Holdings","Hotels  Resorts & Cruise Lines",14.22,6529651200,8.62,2.54,0.64,0.00,2.52,2.97,7.46,9.70,1.35,0.85,29.45,22.09,7.5
NRG,"NRG Energy","Independent Power Producers & Energy Traders",102.75,21599127552,26.76,5.14,0.65,1.84,6.64,7.84,2.44,3.17,1.35,0.85,19.21,14.41,7.5
NUE,"Nucor","Steel",245.66,55734280192,19.61,2.52,1.54,0.92,9.81,11.58,7.87,10.23,1.35,0.85,12.86,9.64,7.5
NVDA,"Nvidia","Semiconductors",228.87,5526523478016,28.93,24.13,18.24,0.44,27.46,32.40,12.50,16.25,1.35,0.85,15.00,11.25,7.5
NVR,"NVR  Inc.","Homebuilding",6338.92,16976596992,16.47,5.01,1.76,0.00,11.05,13.04,10.70,13.91,1.35,0.85,30.40,22.80,7.5
NXPI,"NXP Semiconductors","Semiconductors",237.57,59906646016,20.29,5.26,4.54,1.75,11.82,13.95,22.40,29.12,1.35,0.85,25.91,19.43,7.5
ORLY,"O'Reilly Auto Parts","Automotive Retail",85.82,69425012736,27.24,-38.16,3.74,0.00,16.65,19.65,13.72,17.84,1.35,0.85,15.00,11.25,7.5
OXY,"Occidental Petroleum","Oil & Gas Exploration & Production",56.31,56289583104,16.61,1.68,2.35,1.96,4.10,4.84,14.16,18.41,1.35,0.85,10.13,7.60,7.5
ODFL,"Old Dominion","Cargo Ground Transportation",177.31,36874858496,34.03,8.09,6.58,0.66,20.56,24.26,19.34,25.14,1.35,0.85,23.77,17.83,7.5
OMC,"Omnicom Group","Advertising",75.34,20669222912,203.62,2.14,0.92,4.23,5.62,6.63,0.45,0.59,1.35,0.85,1.05,0.79,7.5
ON,"ON Semiconductor","Semiconductors",73.60,28653850624,48.10,3.97,4.62,0.00,13.71,16.18,9.61,12.49,1.35,0.85,8.25,6.19,7.5
OKE,"ONEOK","Oil & Gas Storage & Transportation",90.09,56793563136,15.56,2.48,1.44,4.66,7.40,8.73,9.27,12.05,1.35,0.85,15.91,11.93,7.5
ORCL,"Oracle Corporation","Application Software",149.20,451141402624,23.42,7.30,6.29,1.35,13.10,15.46,26.84,34.89,1.35,0.85,31.16,23.37,7.5
OTIS,"Otis Worldwide","Industrial Machinery & Supplies & Components",68.08,25915969536,17.50,-4.51,1.74,2.64,9.82,11.59,9.93,12.91,1.35,0.85,15.00,11.25,7.5
PCAR,"Paccar","Construction Machinery & Heavy Transportation Equipment",113.90,59952971776,23.98,2.95,2.16,1.22,18.33,21.63,8.99,11.69,1.35,0.85,12.30,9.23,7.5
PKG,"Packaging Corporation of America","Paper & Plastic Packaging Products & Materials",238.23,21225885696,30.94,4.53,2.23,2.52,10.61,12.52,7.20,9.36,1.35,0.85,14.63,10.97,7.5
PLTR,"Palantir Technologies","Internet Services & Infrastructure",184.99,444541796352,158.11,45.47,72.21,0.00,12.00,14.16,45.67,59.37,1.35,0.85,28.76,21.57,7.5
PANW,"Palo Alto Networks","Systems Software",374.57,306398265344,913.59,11.10,26.69,0.00,12.00,14.16,2.92,3.80,1.35,0.85,1.22,0.92,7.5
PARA,"Paramount Global","Movies & Entertainment",0.88,3141180,0.05,0.19,0.30,0.00,12.00,14.16,12.50,16.25,1.35,0.85,15.00,11.25,7.5
PH,"Parker Hannifin","Industrial Machinery & Supplies & Components",964.85,121679560704,33.90,7.90,5.66,0.83,21.48,25.35,16.69,21.70,1.35,0.85,23.30,17.48,7.5
PAYX,"Paychex","Human Resource & Employment Services",114.53,40770445312,23.42,10.90,6.26,4.14,13.52,15.95,26.73,34.75,1.35,0.85,46.55,34.91,7.5
PAYC,"Paycom","Human Resource & Employment Services",224.61,10123536384,23.74,17.10,4.73,0.66,13.77,16.25,19.92,25.90,1.35,0.85,72.00,54.00,7.5
PYPL,"PayPal","Transaction & Payment Processing Services",52.89,45245325312,10.00,2.30,1.33,1.06,7.01,8.27,13.26,17.24,1.35,0.85,23.01,17.26,7.5
PNR,"Pentair","Industrial Machinery & Supplies & Components",55.49,8856204288,14.30,2.36,2.21,1.90,8.56,10.10,15.44,20.07,1.35,0.85,16.52,12.39,7.5
PEP,"PepsiCo","Soft Drinks & Non-alcoholic Beverages",131.19,179205537792,17.19,8.11,1.85,4.57,9.49,11.20,10.76,13.99,1.35,0.85,47.17,35.38,7.5
PFE,"Pfizer","Pharmaceuticals",27.93,159191891968,36.75,1.87,2.50,6.20,6.27,7.40,6.80,8.84,1.35,0.85,5.08,3.81,7.5
PCG,"PG&E Corporation","Multi-Utilities",12.88,38670487552,9.27,0.88,1.50,1.55,3.70,4.37,16.15,20.99,1.35,0.85,9.47,7.10,7.5
PM,"Philip Morris International","Tobacco",190.23,296495022080,26.17,-34.54,6.97,3.41,16.46,19.42,26.63,34.62,1.35,0.85,15.00,11.25,7.5
PSX,"Phillips 66","Oil & Gas Refining & Marketing",256.78,102952091648,14.66,3.25,0.68,1.94,10.37,12.24,4.61,5.99,1.35,0.85,22.18,16.63,7.5
PNW,"Pinnacle West","Multi-Utilities",93.16,11290734592,17.88,1.60,2.03,3.90,5.25,6.19,11.37,14.78,1.35,0.85,8.98,6.74,7.5
PNC,"PNC Financial Services","Diversified Banks",227.96,90943201280,12.55,1.57,3.74,3.43,12.50,14.75,29.81,38.75,1.35,0.85,12.49,9.37,7.5
POOL,"Pool Corporation","Distributors",168.60,6127050240,15.48,4.86,1.14,3.10,9.53,11.25,7.34,9.54,1.35,0.85,31.41,23.56,7.5
PPG,"PPG Industries","Specialty Chemicals",107.77,23957270528,15.46,2.84,1.46,2.82,8.88,10.48,9.44,12.27,1.35,0.85,18.35,13.76,7.5
PPL,"PPL Corporation","Electric Utilities",32.88,24743673856,19.46,1.64,2.63,3.45,6.58,7.76,13.53,17.59,1.35,0.85,8.45,6.34,7.5
PFG,"Principal Financial Group","Life & Health Insurance",113.59,24320145408,16.18,2.01,1.55,2.89,11.30,13.33,9.58,12.45,1.35,0.85,12.41,9.31,7.5
PG,"Procter & Gamble","Personal Care Products",148.22,344266506240,22.39,6.46,3.96,2.98,13.91,16.41,17.67,22.97,1.35,0.85,28.85,21.64,7.5
PGR,"Progressive Corporation","Property & Casualty Insurance",206.94,120107974656,10.38,3.50,1.32,0.19,7.80,9.20,12.71,16.52,1.35,0.85,33.73,25.30,7.5
PLD,"Prologis","Industrial REITs",135.88,132087783424,30.20,2.36,13.68,3.15,19.61,23.14,45.30,58.89,1.35,0.85,7.82,5.87,7.5
PRU,"Prudential Financial","Life & Health Insurance",117.66,40592699392,10.66,1.29,0.62,4.72,7.80,9.20,5.84,7.59,1.35,0.85,12.07,9.05,7.5
PTC,"PTC Inc.","Application Software",140.00,15190877184,13.58,4.47,5.14,0.00,11.91,14.05,37.87,49.23,1.35,0.85,32.90,24.67,7.5
PEG,"Public Service Enterprise Group","Electric Utilities",69.12,34450792448,17.19,1.99,2.75,3.87,7.72,9.11,15.97,20.76,1.35,0.85,11.55,8.66,7.5
PSA,"Public Storage","Self-Storage REITs",289.71,54132973568,27.67,10.51,11.02,4.04,15.75,18.58,39.84,51.79,1.35,0.85,37.99,28.49,7.5
PHM,"PulteGroup","Homebuilding",122.29,23294576640,12.49,1.76,1.42,0.87,8.46,9.98,11.37,14.78,1.35,0.85,14.12,10.59,7.5
QRVO,"Qorvo","Semiconductors",118.44,10448970752,27.48,3.01,2.87,0.00,11.80,13.92,10.43,13.56,1.35,0.85,10.95,8.21,7.5
QCOM,"Qualcomm","Semiconductors",198.27,211764363264,22.69,7.58,4.81,1.89,17.65,20.83,21.18,27.53,1.35,0.85,33.40,25.05,7.5
PWR,"Quanta Services","Construction & Engineering",642.63,96615178240,73.53,10.02,2.94,0.07,31.73,37.44,3.99,5.19,1.35,0.85,13.63,10.22,7.5
DGX,"Quest Diagnostics","Health Care Services",234.76,25911248896,24.90,3.44,2.24,1.40,11.43,13.49,9.00,11.70,1.35,0.85,13.80,10.35,7.5
RL,"Ralph Lauren Corporation","Apparel  Accessories & Luxury Goods",346.06,20619030528,21.81,7.58,2.47,1.18,12.94,15.27,11.32,14.72,1.35,0.85,34.75,26.06,7.5
RJF,"Raymond James Financial","Investment Banking & Brokerage",159.39,30618818560,13.91,2.41,2.01,1.31,12.50,14.75,14.45,18.79,1.35,0.85,17.34,13.00,7.5
O,"Realty Income","Retail REITs",56.53,53489704960,41.26,1.35,8.82,5.75,9.98,11.78,21.37,27.78,1.35,0.85,3.28,2.46,7.5
REG,"Regency Centers","Retail REITs",73.53,13747076096,24.76,2.02,8.16,4.14,12.83,15.14,32.94,42.82,1.35,0.85,8.16,6.12,7.5
REGN,"Regeneron Pharmaceuticals","Biotechnology",803.90,82765520896,19.90,2.54,5.33,0.47,17.60,20.77,26.77,34.80,1.35,0.85,12.78,9.58,7.5
RF,"Regions Financial Corporation","Regional Banks",27.91,23777353728,11.35,1.36,3.29,3.84,12.50,14.75,28.95,37.63,1.35,0.85,12.01,9.01,7.5
RSG,"Republic Services","Environmental & Facilities Services",213.88,65492836352,30.29,5.44,3.88,1.25,12.46,14.70,12.80,16.64,1.35,0.85,17.96,13.47,7.5
RMD,"ResMed","Health Care Equipment",221.97,32019683328,21.30,4.86,5.66,1.18,15.28,18.03,26.59,34.57,1.35,0.85,22.82,17.12,7.5
RVTY,"Revvity","Health Care Equipment",143.31,15991446528,68.90,2.21,5.49,0.19,18.26,21.55,7.97,10.36,1.35,0.85,3.21,2.41,7.5
ROK,"Rockwell Automation","Electrical Components & Equipment",427.19,47535120384,40.07,13.58,5.30,1.30,22.72,26.81,13.22,17.19,1.35,0.85,33.88,25.41,7.5
ROL,"Rollins  Inc.","Environmental & Facilities Services",32.86,15810438144,29.87,11.06,4.03,2.26,18.28,21.57,13.49,17.54,1.35,0.85,37.02,27.77,7.5
ROP,"Roper Technologies","Electronic Equipment & Instruments",363.85,35985084416,15.15,1.92,4.35,1.00,11.11,13.11,28.68,37.28,1.35,0.85,12.70,9.52,7.5
ROST,"Ross Stores","Apparel Retail",232.51,74584809472,28.08,11.02,3.04,0.77,20.39,24.06,10.84,14.09,1.35,0.85,39.25,29.44,7.5
RCL,"Royal Caribbean Group","Hotels  Resorts & Cruise Lines",234.89,62821818368,14.51,6.14,3.36,2.40,9.07,10.70,23.18,30.13,1.35,0.85,42.30,31.72,7.5
RTX,"RTX Corporation","Aerospace & Defense",190.99,257408319488,33.68,3.88,2.75,1.50,16.19,19.10,8.17,10.62,1.35,0.85,11.51,8.63,7.5
SPGI,"S&P Global","Financial Exchanges & Data",402.44,118639312896,24.51,3.77,7.36,0.96,14.57,17.19,30.02,39.03,1.35,0.85,15.37,11.53,7.5
CRM,"Salesforce","Application Software",233.28,191989432320,21.36,5.00,4.37,0.74,14.88,17.56,20.45,26.59,1.35,0.85,23.42,17.57,7.5
SBAC,"SBA Communications","Telecom Tower REITs",175.84,18654533632,18.99,-4.03,6.50,2.83,10.17,12.00,34.22,44.49,1.35,0.85,15.00,11.25,7.5
SLB,"Schlumberger","Oil & Gas Equipment & Services",52.12,77353541632,25.42,2.97,2.13,2.28,10.48,12.37,8.37,10.88,1.35,0.85,11.67,8.75,7.5
STX,"Seagate Technology","Technology Hardware  Storage & Peripherals",919.84,209165189120,66.37,96.27,17.15,0.34,46.46,54.82,25.84,33.59,1.35,0.85,15.00,11.25,7.5
SRE,"Sempra","Multi-Utilities",80.98,52952854528,23.47,1.62,3.91,3.24,9.01,10.63,16.65,21.64,1.35,0.85,6.90,5.18,7.5
NOW,"ServiceNow","Systems Software",137.00,141639090176,85.63,11.32,9.61,0.00,48.89,57.69,11.23,14.60,1.35,0.85,13.22,9.92,7.5
SHW,"Sherwin-Williams","Specialty Chemicals",328.35,79709634560,30.32,20.56,3.27,1.00,16.93,19.98,10.77,14.00,1.35,0.85,67.80,50.85,7.5
SPG,"Simon Property Group","Retail REITs",205.95,78183456768,14.54,15.16,11.26,4.34,15.25,17.99,12.50,16.25,1.35,0.85,15.00,11.25,7.5
SWKS,"Skyworks Solutions","Semiconductors",89.96,13536531456,46.61,2.36,3.37,4.13,15.38,18.15,7.23,9.40,1.35,0.85,5.06,3.79,7.5
SW,"Smurfit WestRock","Paper & Plastic Packaging Products & Materials",46.45,24364089344,49.41,1.35,0.78,3.98,5.32,6.28,1.57,2.04,1.35,0.85,2.73,2.05,7.5
SNA,"Snap-on","Industrial Machinery & Supplies & Components",371.80,19232143360,18.97,3.18,3.65,2.64,13.59,16.04,19.22,24.99,1.35,0.85,16.78,12.59,7.5
SOLV,"Solventum","Health Care Technology",88.75,15107355648,10.85,3.15,1.82,0.00,13.26,15.65,16.76,21.79,1.35,0.85,28.99,21.74,7.5
SO,"Southern Company","Electric Utilities",85.15,97953415168,20.52,2.48,3.25,3.56,6.87,8.11,15.82,20.57,1.35,0.85,12.06,9.04,7.5
LUV,"Southwest Airlines","Passenger Airlines",42.08,20585881600,26.30,2.91,0.68,1.72,8.80,10.38,2.60,3.38,1.35,0.85,11.05,8.29,7.5
SWK,"Stanley Black & Decker","Industrial Machinery & Supplies & Components",92.13,13913162752,22.53,1.55,0.91,3.79,7.77,9.17,4.05,5.26,1.35,0.85,6.89,5.17,7.5
SBUX,"Starbucks","Restaurants",95.11,108425404416,54.98,-14.13,2.83,2.61,19.22,22.68,5.14,6.68,1.35,0.85,15.00,11.25,7.5
STT,"State Street Corporation","Asset Management & Custody Banks",180.25,49514991616,15.92,2.07,3.30,2.00,12.50,14.75,20.70,26.91,1.35,0.85,13.01,9.76,7.5
STLD,"Steel Dynamics","Steel",233.99,33537341440,21.23,3.57,1.63,0.92,12.54,14.80,7.69,10.00,1.35,0.85,16.80,12.60,7.5
STE,"Steris","Health Care Equipment",208.79,20357048320,25.52,2.82,3.37,1.25,12.41,14.64,13.21,17.17,1.35,0.85,11.07,8.30,7.5
SYK,"Stryker Corporation","Health Care Equipment",275.09,105517113344,28.51,4.40,4.08,1.28,14.31,16.89,14.33,18.63,1.35,0.85,15.43,11.57,7.5
SMCI,"Supermicro","Technology Hardware  Storage & Peripherals",41.54,27290341376,12.74,2.66,0.70,0.00,9.66,11.40,5.48,7.12,1.35,0.85,20.89,15.67,7.5
SYF,"Synchrony Financial","Consumer Finance",72.67,23644698624,7.45,1.56,2.39,1.81,12.50,14.75,32.02,41.63,1.35,0.85,20.87,15.65,7.5
SNPS,"Synopsys","Application Software",409.24,78425374720,71.17,2.52,8.33,0.00,37.79,44.59,11.70,15.21,1.35,0.85,3.54,2.66,7.5
SYY,"Sysco","Food Distributors",78.67,37727637504,21.49,14.12,0.45,2.81,8.40,9.91,2.08,2.70,1.35,0.85,65.70,49.28,7.5
TMUS,"T-Mobile US","Wireless Telecommunication Services",162.41,174212595712,17.01,3.10,1.89,2.47,5.07,5.98,11.11,14.44,1.35,0.85,18.24,13.68,7.5
TROW,"T. Rowe Price","Asset Management & Custody Banks",104.17,22221113344,10.46,2.02,2.93,4.97,7.50,8.85,27.99,36.39,1.35,0.85,19.31,14.48,7.5
TTWO,"Take-Two Interactive","Interactive Home Entertainment",205.53,38430089216,20.00,10.85,5.75,0.00,50.14,59.17,28.74,37.36,1.35,0.85,54.27,40.70,7.5
TPR,"Tapestry  Inc.","Apparel  Accessories & Luxury Goods",112.59,22449508352,15.49,32.60,2.80,1.64,11.09,13.09,18.11,23.54,1.35,0.85,15.00,11.25,7.5
TRGP,"Targa Resources","Oil & Gas Storage & Transportation",282.15,60501712896,27.00,19.32,3.61,1.73,11.00,12.98,13.38,17.39,1.35,0.85,71.54,53.66,7.5
TGT,"Target Corporation","Consumer Staples Merchandise Retail",159.02,72242266112,16.50,4.05,0.67,2.94,8.41,9.92,4.07,5.29,1.35,0.85,24.54,18.41,7.5
TEL,"TE Connectivity","Electronic Manufacturing Services",213.48,61805281280,20.91,4.67,3.20,1.49,12.48,14.73,15.30,19.89,1.35,0.85,22.35,16.76,7.5
TDY,"Teledyne Technologies","Electronic Equipment & Instruments",612.74,28403974144,29.67,2.60,4.46,0.00,17.84,21.05,15.02,19.53,1.35,0.85,8.77,6.58,7.5
TFX,"Teleflex","Health Care Equipment",124.90,5292312576,20.00,1.82,2.35,1.09,13.10,15.46,11.74,15.26,1.35,0.85,9.11,6.83,7.5
TER,"Teradyne","Semiconductor Materials & Equipment",398.69,62331494400,54.69,19.85,13.96,0.14,41.42,48.88,25.53,33.19,1.35,0.85,36.30,27.22,7.5
TSLA,"Tesla  Inc.","Automobile Manufacturers",378.90,1496483495936,347.61,17.23,14.44,0.00,12.00,14.16,4.15,5.40,1.35,0.85,4.96,3.72,7.5
TXN,"Texas Instruments","Semiconductors",271.41,247864557568,41.25,13.76,12.74,2.24,26.04,30.73,30.89,40.16,1.35,0.85,33.36,25.02,7.5
TXT,"Textron","Aerospace & Defense",77.88,13394339840,14.67,1.66,0.88,0.10,7.97,9.40,5.97,7.76,1.35,0.85,11.34,8.50,7.5
TMO,"Thermo Fisher Scientific","Life Sciences Tools & Services",658.52,243485999104,35.44,4.62,5.25,0.29,20.74,24.47,14.83,19.28,1.35,0.85,13.04,9.78,7.5
TJX,"TJX Companies","Apparel Retail",130.79,143865593856,24.22,13.89,2.31,1.47,16.16,19.07,9.52,12.38,1.35,0.85,57.36,43.02,7.5
TSCO,"Tractor Supply","Other Specialty Retail",32.84,17110958080,17.10,6.54,1.09,2.97,8.86,10.45,6.35,8.25,1.35,0.85,38.21,28.66,7.5
TT,"Trane Technologies","Building Products",437.82,96330555392,32.60,11.19,4.34,0.97,22.36,26.38,13.30,17.29,1.35,0.85,34.31,25.73,7.5
TDG,"TransDigm Group","Aerospace & Defense",1112.42,61490712576,33.75,-6.62,6.15,0.00,12.07,14.24,18.21,23.67,1.35,0.85,15.00,11.25,7.5
TRV,"Travelers Companies (The)","Property & Casualty Insurance",362.01,75506245632,9.73,2.28,1.54,1.35,6.58,7.76,15.85,20.61,1.35,0.85,23.44,17.58,7.5
TRMB,"Trimble Inc.","Electronic Equipment & Instruments",59.30,13827564544,20.00,2.44,3.66,0.00,15.71,18.54,18.28,23.76,1.35,0.85,12.19,9.14,7.5
TFC,"Truist Financial","Diversified Banks",48.07,58723573760,11.05,1.00,3.09,4.24,12.50,14.75,27.93,36.31,1.35,0.85,9.06,6.79,7.5
TYL,"Tyler Technologies","Application Software",331.05,13557249024,43.50,4.46,5.58,0.00,29.57,34.89,12.83,16.68,1.35,0.85,10.26,7.70,7.5
TSN,"Tyson Foods","Packaged Foods & Meats",51.82,18230353920,31.99,1.01,0.33,3.92,6.58,7.76,1.02,1.33,1.35,0.85,3.15,2.36,7.5
USB,"U.S. Bancorp","Diversified Banks",59.44,92610576384,11.86,1.53,3.39,3.57,12.50,14.75,28.57,37.14,1.35,0.85,12.88,9.66,7.5
UBER,"Uber","Passenger Ground Transportation",69.89,142754529280,15.33,5.22,2.58,0.00,19.10,22.54,16.87,21.93,1.35,0.85,34.06,25.55,7.5
UDR,"UDR  Inc.","Multi-Family Residential REITs",34.10,12527119360,21.58,3.78,7.09,5.10,12.04,14.21,32.86,42.72,1.35,0.85,17.53,13.15,7.5
ULTA,"Ulta Beauty","Other Specialty Retail",553.86,23681652736,20.18,8.73,1.83,0.00,12.24,14.44,9.06,11.78,1.35,0.85,43.25,32.44,7.5
UNP,"Union Pacific Corporation","Rail Transportation",274.41,163020259328,22.22,8.39,6.42,2.11,12.65,14.93,28.87,37.53,1.35,0.85,37.76,28.32,7.5
UAL,"United Airlines Holdings","Passenger Airlines",115.21,37393678336,10.79,2.24,0.59,0.00,5.27,6.22,5.51,7.16,1.35,0.85,20.76,15.57,7.5
UPS,"United Parcel Service","Air Freight & Logistics",95.87,81564434432,17.82,5.41,0.91,6.92,6.75,7.96,5.09,6.62,1.35,0.85,30.39,22.79,7.5
URI,"United Rentals","Trading Companies & Distributors",1043.04,64921407488,25.07,7.05,3.86,0.77,13.84,16.33,15.39,20.01,1.35,0.85,28.12,21.09,7.5
UNH,"UnitedHealth Group","Managed Health Care",372.95,334757986304,23.97,3.43,0.74,2.46,12.55,14.81,3.10,4.03,1.35,0.85,14.30,10.73,7.5
UHS,"Universal Health Services","Health Care Facilities",179.29,10566727680,7.32,1.41,0.58,0.46,3.91,4.61,7.97,10.36,1.35,0.85,19.22,14.41,7.5
VLO,"Valero Energy","Oil & Gas Refining & Marketing",377.14,108588965888,15.72,4.34,0.82,1.22,8.12,9.58,5.22,6.79,1.35,0.85,27.63,20.72,7.5
VTR,"Ventas","Health Care REITs",86.86,44554522624,157.93,3.04,6.94,2.39,18.71,22.08,4.40,5.72,1.35,0.85,1.93,1.45,7.5
VLTO,"Veralto","Environmental & Facilities Services",95.79,23352965120,24.13,7.55,4.10,0.55,16.80,19.82,16.99,22.09,1.35,0.85,31.30,23.48,7.5
VRSN,"Verisign","Internet Services & Infrastructure",299.42,27067570176,32.51,-12.01,15.85,1.05,22.82,26.93,48.75,63.38,1.35,0.85,15.00,11.25,7.5
VRSK,"Verisk Analytics","Research & Consulting Services",171.94,22379026432,26.41,-19.29,7.14,1.16,14.76,17.42,27.02,35.13,1.35,0.85,15.00,11.25,7.5
VZ,"Verizon","Integrated Telecommunication Services",46.45,192989315072,12.10,1.86,1.39,5.94,3.78,4.46,11.49,14.94,1.35,0.85,15.35,11.51,7.5
VRTX,"Vertex Pharmaceuticals","Biotechnology",514.99,130529837056,30.01,6.44,10.37,0.00,25.59,30.20,34.55,44.91,1.35,0.85,21.47,16.10,7.5
VTRS,"Viatris","Pharmaceuticals",17.18,19732791296,20.00,1.36,1.34,2.81,4.60,5.43,6.69,8.70,1.35,0.85,6.82,5.12,7.5
VICI,"Vici Properties","Hotel & Resort REITs",23.98,26403837952,9.29,0.91,6.44,7.65,7.26,8.57,12.50,16.25,1.35,0.85,9.74,7.30,7.5
V,"Visa Inc.","Transaction & Payment Processing Services",362.04,679677722624,30.79,19.19,15.28,0.72,21.86,25.79,49.63,64.52,1.35,0.85,62.32,46.74,7.5
VST,"Vistra Corp.","Electric Utilities",140.41,47126540288,23.68,15.69,2.45,0.65,7.09,8.37,10.36,13.47,1.35,0.85,66.28,49.71,7.5
VMC,"Vulcan Materials Company","Construction Materials",247.87,32118681600,29.26,3.79,3.96,0.84,13.72,16.19,13.52,17.58,1.35,0.85,12.95,9.71,7.5
WRB,"W. R. Berkley Corporation","Property & Casualty Insurance",68.17,25306578944,14.03,3.00,1.70,0.58,9.81,11.58,12.11,15.74,1.35,0.85,21.39,16.04,7.5
GWW,"W. W. Grainger","Industrial Machinery & Supplies & Components",1268.62,59753197568,32.34,14.46,3.17,0.78,18.58,21.92,9.81,12.75,1.35,0.85,44.73,33.55,7.5
WAB,"Wabtec","Construction Machinery & Heavy Transportation Equipment",289.71,48935161856,39.04,4.37,4.08,0.44,18.46,21.78,10.46,13.60,1.35,0.85,11.19,8.39,7.5
WBA,"Walgreens Boots Alliance","Drug Retail",50.00,7500000000,20.00,3.00,2.50,0.00,12.50,14.75,12.50,16.25,1.35,0.85,15.00,11.25,7.5
WMT,"Walmart","Consumer Staples Merchandise Retail",110.12,876343656448,39.90,9.29,1.19,0.92,19.88,23.46,2.98,3.87,1.35,0.85,23.30,17.48,7.5
DIS,"Walt Disney Company (The)","Movies & Entertainment",103.82,179264634880,21.41,1.63,1.81,1.44,8.55,10.09,8.47,11.01,1.35,0.85,7.63,5.72,7.5
WBD,"Warner Bros. Discovery","Broadcasting",30.83,77295026176,20.00,2.35,2.14,0.00,9.92,11.71,10.70,13.91,1.35,0.85,11.77,8.83,7.5
WM,"Waste Management","Environmental & Facilities Services",207.68,83012853760,29.42,8.37,3.23,1.83,10.68,12.60,10.99,14.29,1.35,0.85,28.45,21.34,7.5
WAT,"Waters Corporation","Life Sciences Tools & Services",425.74,41801646080,108.06,2.75,9.00,0.00,28.79,33.97,8.33,10.83,1.35,0.85,2.55,1.91,7.5
WEC,"WEC Energy Group","Electric Utilities",102.83,33507092480,19.97,3.00,3.31,3.68,8.45,9.97,16.55,21.52,1.35,0.85,15.02,11.27,7.5
WFC,"Wells Fargo","Diversified Banks",83.15,251445542912,12.09,1.56,3.03,2.31,12.50,14.75,25.06,32.58,1.35,0.85,12.93,9.70,7.5
WELL,"Welltower","Health Care REITs",230.39,166012583936,103.31,3.57,13.01,1.46,49.70,58.65,12.59,16.37,1.35,0.85,3.45,2.59,7.5
WST,"West Pharmaceutical Services","Health Care Supplies",371.09,26115739648,47.51,8.74,7.85,0.24,28.63,33.78,16.52,21.48,1.35,0.85,18.39,13.79,7.5
WDC,"Western Digital","Technology Hardware  Storage & Peripherals",464.60,167507312640,17.25,3.00,12.97,0.13,33.49,39.52,12.50,16.25,1.35,0.85,17.40,13.05,7.5
WY,"Weyerhaeuser","Timber REITs",21.54,15524654080,32.64,1.65,2.27,4.00,22.56,26.62,6.94,9.02,1.35,0.85,5.04,3.78,7.5
WMB,"Williams Companies","Oil & Gas Storage & Transportation",70.98,86820429824,28.28,6.60,7.05,2.93,12.34,14.56,24.91,32.38,1.35,0.85,23.34,17.50,7.5
WTW,"Willis Towers Watson","Insurance Brokers",301.73,28022249472,18.67,3.65,2.77,1.25,9.95,11.74,14.86,19.32,1.35,0.85,19.55,14.66,7.5
WYNN,"Wynn Resorts","Casinos & Gaming",82.51,8496375808,19.79,-49.62,1.15,1.20,4.70,5.55,5.79,7.53,1.35,0.85,15.00,11.25,7.5
XEL,"Xcel Energy","Multi-Utilities",72.06,45011144704,19.74,1.87,3.08,3.30,7.35,8.67,15.60,20.28,1.35,0.85,9.47,7.10,7.5
XYL,"Xylem Inc.","Industrial Machinery & Supplies & Components",107.85,25181552640,25.68,2.29,2.76,1.60,12.73,15.02,10.75,13.97,1.35,0.85,8.91,6.68,7.5
YUM,"Yum! Brands","Restaurants",139.71,38127013888,17.60,-5.28,4.37,2.15,12.43,14.67,24.84,32.29,1.35,0.85,15.00,11.25,7.5
ZBRA,"Zebra Technologies","Electronic Equipment & Instruments",361.61,17108006912,33.14,4.99,2.93,0.00,14.45,17.05,8.83,11.48,1.35,0.85,15.05,11.29,7.5
ZBH,"Zimmer Biomet","Health Care Equipment",93.98,17925529600,22.81,1.42,2.11,1.02,7.10,8.38,9.24,12.01,1.35,0.85,6.22,4.67,7.5
ZTS,"Zoetis","Pharmaceuticals",72.86,30107473920,11.89,3.00,3.16,2.97,7.40,8.73,26.59,34.57,1.35,0.85,25.24,18.93,7.5